Expt_No,T_Ambient,Cd_mM,Se_mM,OA_Cd_ratio,T_reactor,t_s,peak_nm,FWHM_nm,peak_eV,FWHM_eV,peak_height
2,22.36,10,10,40,200,10.001,461.439,37.831,2.687,0.217,211.815
2,22.36,10,10,40,200,20.896,486.814,28.406,2.547,0.148,826.856
2,22.36,10,10,40,200,30.972,493.12,29.729,2.514,0.151,1526.912
2,22.36,10,10,40,200,40.976,498.014,31.422,2.49,0.157,2223.385
2,22.36,10,10,40,200,51.015,503.597,32.411,2.462,0.159,3030.434
2,22.36,10,10,40,200,62.902,507.428,33.405,2.443,0.161,3667.06
2,22.36,10,10,40,200,80.001,511.601,34.396,2.423,0.163,4376.22
2,22.36,10,10,40,200,100.001,513.337,34.368,2.415,0.162,4823.156
2,22.36,10,10,40,200,120.001,518.54,35.34,2.391,0.163,5569.64
2,22.36,10,10,40,200,140.001,522.349,35.297,2.374,0.161,5923.351
2,22.36,10,10,40,200,160.001,525.462,35.602,2.36,0.16,6318.299
2,22.36,10,10,40,200,200.001,528.57,36.249,2.346,0.161,6664.189
2,22.36,10,10,40,200,240.001,532.019,36.194,2.33,0.159,6924.762
2,22.36,10,10,40,200,280.001,534.431,36.507,2.32,0.159,7160.33
2,22.36,10,10,40,200,330.001,538.216,36.106,2.304,0.155,7436.707
2,22.36,10,10,40,200,380.001,540.622,36.413,2.293,0.155,7359.437
2,22.36,10,10,40,200,450.001,543.368,36.372,2.282,0.153,7412.026
2,22.36,10,10,40,200,500.001,546.455,35.987,2.269,0.15,7167.669
2,22.36,10,10,40,200,550.001,547.825,35.968,2.263,0.149,7022.838
2,22.36,10,10,40,200,600.001,549.537,35.602,2.256,0.147,6869.199
3,21.99,10,10,40,200,10.001,462.855,34.3,2.679,0.197,236.151
3,21.99,10,10,40,200,20.831,486.463,28.054,2.549,0.146,869.649
3,21.99,10,10,40,200,30.906,493.47,29.378,2.512,0.149,1576.565
3,21.99,10,10,40,200,40.914,499.062,30.716,2.484,0.153,2288.625
3,21.99,10,10,40,200,50.994,503.597,31.709,2.462,0.155,2985.056
3,21.99,10,10,40,200,62.818,507.08,33.059,2.445,0.159,3524.4
3,21.99,10,10,40,200,80.001,511.253,34.051,2.425,0.162,4111.496
3,21.99,10,10,40,200,100.001,515.073,35.043,2.407,0.164,4755.77
3,21.99,10,10,40,200,120.001,518.887,34.647,2.389,0.16,5392.109
3,21.99,10,10,40,200,140.001,522.349,35.293,2.374,0.161,5890.223
3,21.99,10,10,40,200,160.001,525.116,35.254,2.361,0.159,6294.132
3,21.99,10,10,40,200,200.001,527.879,35.563,2.349,0.159,6684.712
3,21.99,10,10,40,200,240.001,531.33,35.858,2.333,0.158,6911.397
3,21.99,10,10,40,200,280.001,534.431,35.809,2.32,0.155,7030.706
3,21.99,10,10,40,200,330.001,537.528,36.116,2.307,0.155,7256.987
3,21.99,10,10,40,200,380.001,540.622,35.731,2.293,0.152,7253.06
3,21.99,10,10,40,200,450.001,543.368,35.686,2.282,0.15,7179.191
3,21.99,10,10,40,200,500.001,546.112,35.652,2.27,0.149,7123.943
3,21.99,10,10,40,200,550.001,547.483,35.627,2.265,0.148,6835.852
3,21.99,10,10,40,200,600.001,548.51,35.613,2.26,0.147,6841.736
4,22.09,10,10,40,200,10.001,461.085,32.556,2.689,0.188,253.452
4,22.09,10,10,40,200,21.068,486.112,27.356,2.551,0.143,885.413
4,22.09,10,10,40,200,31.297,493.47,28.679,2.512,0.146,1573.622
4,22.09,10,10,40,200,41.332,499.411,30.712,2.483,0.152,2265.047
4,22.09,10,10,40,200,51.336,503.945,31.359,2.46,0.153,2879.668
4,22.09,10,10,40,200,63.206,507.08,32.359,2.445,0.156,3399.312
4,22.09,10,10,40,200,80.001,509.515,33.028,2.433,0.158,3854.413
4,22.09,10,10,40,200,100.001,515.073,34.35,2.407,0.161,4471.333
4,22.09,10,10,40,200,120.001,518.887,35.34,2.389,0.163,4992.378
4,22.09,10,10,40,200,140.001,522.349,35.297,2.374,0.161,5556.492
4,22.09,10,10,40,200,160.001,525.116,35.254,2.361,0.159,5934.773
4,22.09,10,10,40,200,200.001,528.225,35.211,2.347,0.157,6350.334
4,22.09,10,10,40,200,240.001,531.33,35.858,2.333,0.158,6668.082
4,22.09,10,10,40,200,280.001,534.775,36.155,2.318,0.157,6936.359
4,22.09,10,10,40,200,330.001,537.184,36.116,2.308,0.155,7033.783
4,22.09,10,10,40,200,380.001,540.965,36.072,2.292,0.153,6816.19
4,22.09,10,10,40,200,450.001,543.025,36.037,2.283,0.152,7175.706
4,22.09,10,10,40,200,500.001,545.769,36.002,2.272,0.15,6892.693
4,22.09,10,10,40,200,550.001,546.797,35.637,2.267,0.148,6856.595
4,22.09,10,10,40,200,600.001,548.852,35.268,2.259,0.145,6759.56
5,21.96,10,10,40,200,10.001,457.186,29.759,2.712,0.175,261.66
5,21.96,10,10,40,200,20.918,485.41,27.37,2.554,0.144,851.38
5,21.96,10,10,40,200,30.981,492.42,27.987,2.518,0.142,1612.066
5,21.96,10,10,40,200,41.025,498.364,29.671,2.488,0.148,2323.842
5,21.96,10,10,40,200,51.098,502.202,30.679,2.469,0.151,2830.003
5,21.96,10,10,40,200,62.93,507.08,32.013,2.445,0.154,3530.101
5,21.96,10,10,40,200,80.001,511.601,33.701,2.423,0.16,4101.736
5,21.96,10,10,40,200,100.001,515.073,34.344,2.407,0.16,4705.644
5,21.96,10,10,40,200,120.001,518.194,34.652,2.393,0.16,5316.85
5,21.96,10,10,40,200,140.001,521.657,35.302,2.377,0.161,5705.797
5,21.96,10,10,40,200,160.001,524.77,35.607,2.363,0.161,6033.006
5,21.96,10,10,40,200,200.001,526.843,35.92,2.353,0.161,6440.969
5,21.96,10,10,40,200,240.001,531.674,35.852,2.332,0.157,6971.721
5,21.96,10,10,40,200,280.001,535.119,35.809,2.317,0.155,7199.02
5,21.96,10,10,40,200,330.001,536.84,36.468,2.31,0.157,7221.595
5,21.96,10,10,40,200,380.001,540.278,36.077,2.295,0.154,7411.967
5,21.96,10,10,40,200,450.001,542.682,36.041,2.285,0.152,7416.048
5,21.96,10,10,40,200,500.001,545.769,35.997,2.272,0.15,7235.711
5,21.96,10,10,40,200,550.001,547.14,35.632,2.266,0.148,7086.612
5,21.96,10,10,40,200,600.001,549.195,35.608,2.258,0.147,6961.195
6,22.07,10,10,40,200,10.001,457.186,29.062,2.712,0.171,275.453
6,22.07,10,10,40,200,25.102,488.918,26.978,2.536,0.14,1192.648
6,22.07,10,10,40,200,35.332,494.869,29.011,2.505,0.146,2020.219
6,22.07,10,10,40,200,45.366,500.458,30.353,2.477,0.15,2779.926
6,22.07,10,10,40,200,57.215,504.991,31.342,2.455,0.152,3512.983
6,22.07,10,10,40,200,69.089,507.08,32.359,2.445,0.156,3915.672
6,22.07,10,10,40,200,80.995,510.558,32.67,2.428,0.155,4488.371
6,22.07,10,10,40,200,100.001,514.726,34.35,2.409,0.161,5102.983
6,22.07,10,10,40,200,120.001,518.54,34.303,2.391,0.158,5664
6,22.07,10,10,40,200,140.001,522.349,34.605,2.374,0.158,6190.656
6,22.07,10,10,40,200,160.001,524.77,35.259,2.363,0.159,6681.725
6,22.07,10,10,40,200,200.001,527.879,35.215,2.349,0.157,7186.794
6,22.07,10,10,40,200,240.001,531.33,35.51,2.333,0.156,7543.392
6,22.07,10,10,40,200,280.001,534.431,35.813,2.32,0.156,7736.374
6,22.07,10,10,40,200,330.001,537.528,36.116,2.307,0.155,7826.029
6,22.07,10,10,40,200,380.001,539.935,36.077,2.296,0.154,7897.938
6,22.07,10,10,40,200,450.001,541.995,36.392,2.288,0.154,7947.989
6,22.07,10,10,40,200,500.001,545.083,36.007,2.275,0.151,7792.101
6,22.07,10,10,40,200,550.001,546.797,36.322,2.267,0.151,7682.087
6,22.07,10,10,40,200,600.001,548.51,35.613,2.26,0.147,7422.475
8,21.96,10,10,40,220,10.001,465.331,33.566,2.664,0.191,422.402
8,21.96,10,10,40,220,20.893,492.07,26.595,2.52,0.136,2137.341
8,21.96,10,10,40,220,30.897,502.202,29.288,2.469,0.144,3660.492
8,21.96,10,10,40,220,40.975,507.776,30.263,2.442,0.145,4937.302
8,21.96,10,10,40,220,51.045,515.073,31.574,2.407,0.148,6155.591
8,21.96,10,10,40,220,62.867,520.273,32.546,2.383,0.149,7053.575
8,21.96,10,10,40,220,80.001,525.116,33.523,2.361,0.151,7778.693
8,21.96,10,10,40,220,100.001,527.534,33.491,2.35,0.149,8488.783
8,21.96,10,10,40,220,120.001,532.364,34.806,2.329,0.152,9037.113
8,21.96,10,10,40,220,140.001,536.84,35.433,2.31,0.153,9540.686
8,21.96,10,10,40,220,160.001,539.591,35.735,2.298,0.152,9829.793
8,21.96,10,10,40,220,200.001,542.682,36.378,2.285,0.153,10236.062
8,21.96,10,10,40,220,240.001,546.455,36.322,2.269,0.151,10384.709
8,21.96,10,10,40,220,280.001,549.537,36.278,2.256,0.149,10296.283
8,21.96,10,10,40,220,330.001,552.616,36.233,2.244,0.147,10374.779
8,21.96,10,10,40,220,380.001,555.349,35.854,2.233,0.144,10203.486
8,21.96,10,10,40,220,450.001,557.056,36.845,2.226,0.147,10597.152
8,21.96,10,10,40,220,500.001,559.103,35.451,2.218,0.14,9769.549
8,21.96,10,10,40,220,550.001,561.488,35.073,2.208,0.138,9415.531
8,21.96,10,10,40,220,600.001,562.85,34.715,2.203,0.136,9297.91
9,21.97,10,10,40,220,10.001,460.73,31.48,2.691,0.181,379.168
9,21.97,10,10,40,220,20.846,490.319,26.26,2.529,0.135,1718.131
9,21.97,10,10,40,220,30.852,501.156,28.949,2.474,0.143,3516.466
9,21.97,10,10,40,220,40.93,507.428,30.617,2.443,0.147,4850.922
9,21.97,10,10,40,220,50.945,514.032,31.233,2.412,0.146,6111.393
9,21.97,10,10,40,220,62.831,519.926,31.863,2.385,0.146,7081.768
9,21.97,10,10,40,220,80.001,524.425,33.528,2.364,0.151,7806.181
9,21.97,10,10,40,220,100.001,527.189,33.496,2.352,0.15,8501.361
9,21.97,10,10,40,220,120.001,532.708,35.144,2.327,0.154,8953.233
9,21.97,10,10,40,220,140.001,536.496,35.096,2.311,0.151,9601.486
9,21.97,10,10,40,220,160.001,539.247,35.745,2.299,0.153,9910.097
9,21.97,10,10,40,220,200.001,541.652,36.392,2.289,0.154,10044.237
9,21.97,10,10,40,220,240.001,545.426,36.683,2.273,0.153,10168.041
9,21.97,10,10,40,220,280.001,549.537,36.622,2.256,0.15,10355.489
9,21.97,10,10,40,220,330.001,552.274,36.237,2.245,0.147,10410.769
9,21.97,10,10,40,220,380.001,554.325,36.207,2.237,0.146,10412.053
9,21.97,10,10,40,220,450.001,557.056,35.48,2.226,0.142,10275.814
9,21.97,10,10,40,220,500.001,559.103,35.445,2.218,0.14,9877.292
9,21.97,10,10,40,220,550.001,560.807,35.078,2.211,0.138,9618.297
9,21.97,10,10,40,220,600.001,562.51,35.064,2.204,0.137,9529.464
10,22.12,10,10,40,220,10.001,464.624,32.509,2.668,0.185,432.351
10,22.12,10,10,40,220,20.857,491.72,26.246,2.521,0.134,2143.911
10,22.12,10,10,40,220,30.894,501.156,29.296,2.474,0.144,3619.241
10,22.12,10,10,40,220,40.967,508.82,30.6,2.437,0.146,5258.151
10,22.12,10,10,40,220,50.996,514.379,31.578,2.41,0.148,6437.942
10,22.12,10,10,40,220,62.847,519.58,32.211,2.386,0.148,7272.942
10,22.12,10,10,40,220,80.001,524.079,33.881,2.366,0.153,8022.479
10,22.12,10,10,40,220,100.001,528.225,34.516,2.347,0.153,8713.245
10,22.12,10,10,40,220,120.001,531.674,34.469,2.332,0.151,9586.836
10,22.12,10,10,40,220,140.001,535.808,35.101,2.314,0.152,10002.562
10,22.12,10,10,40,220,160.001,538.904,35.745,2.301,0.153,10343.005
10,22.12,10,10,40,220,200.001,541.652,36.052,2.289,0.152,10564.064
10,22.12,10,10,40,220,240.001,545.426,36.678,2.273,0.153,10737.699
10,22.12,10,10,40,220,280.001,547.825,36.988,2.263,0.153,10835.925
10,22.12,10,10,40,220,330.001,551.248,36.592,2.249,0.149,11022.046
10,22.12,10,10,40,220,380.001,554.666,37.23,2.235,0.15,11207.51
10,22.12,10,10,40,220,450.001,557.056,35.824,2.226,0.143,10696.385
10,22.12,10,10,40,220,500.001,558.762,35.455,2.219,0.141,10460.165
10,22.12,10,10,40,220,550.001,560.466,35.426,2.212,0.139,10210.758
10,22.12,10,10,40,220,600.001,561.829,35.064,2.207,0.137,10048.554
11,22.05,10,10,40,220,10.001,463.563,32.171,2.675,0.184,425.224
11,22.05,10,10,40,220,20.887,491.37,26.601,2.523,0.136,2072.622
11,22.05,10,10,40,220,30.905,501.505,29.296,2.472,0.144,3618.824
11,22.05,10,10,40,220,40.987,508.472,30.259,2.438,0.145,5216.033
11,22.05,10,10,40,220,51.014,514.032,31.582,2.412,0.148,6376.487
11,22.05,10,10,40,220,62.894,519.233,32.216,2.388,0.148,7217.731
11,22.05,10,10,40,220,80.001,523.733,33.542,2.367,0.152,7998.398
11,22.05,10,10,40,220,100.001,528.225,34.52,2.347,0.154,8734.575
11,22.05,10,10,40,220,120.001,531.33,34.478,2.333,0.152,9590.108
11,22.05,10,10,40,220,140.001,535.464,35.105,2.315,0.152,10008.315
11,22.05,10,10,40,220,160.001,538.56,35.408,2.302,0.151,10405.94
11,22.05,10,10,40,220,200.001,541.652,36.052,2.289,0.152,10839.274
11,22.05,10,10,40,220,240.001,545.426,36.338,2.273,0.151,10989.936
11,22.05,10,10,40,220,280.001,547.825,36.643,2.263,0.151,11073.684
11,22.05,10,10,40,220,330.001,551.248,36.592,2.249,0.149,11005.634
11,22.05,10,10,40,220,380.001,553.983,36.212,2.238,0.146,10836.953
11,22.05,10,10,40,220,450.001,556.373,36.172,2.228,0.145,10927.769
11,22.05,10,10,40,220,500.001,558.762,35.455,2.219,0.141,10437.811
11,22.05,10,10,40,220,550.001,560.125,35.431,2.214,0.14,10272.107
11,22.05,10,10,40,220,600.001,561.829,35.069,2.207,0.137,10147.903
12,21.93,10,10,40,220,10.001,462.147,32.183,2.683,0.185,417.591
12,21.93,10,10,40,220,20.899,490.669,26.257,2.527,0.135,1995.294
12,21.93,10,10,40,220,30.905,499.76,29.659,2.481,0.147,3400.711
12,21.93,10,10,40,220,40.979,507.776,30.263,2.442,0.145,5138.5
12,21.93,10,10,40,220,51.035,513.685,31.241,2.414,0.147,6366.626
12,21.93,10,10,40,220,62.886,516.807,31.897,2.399,0.148,7065.086
12,21.93,10,10,40,220,80.001,521.311,32.881,2.378,0.15,7901.451
12,21.93,10,10,40,220,100.001,527.879,34.52,2.349,0.154,8678.183
12,21.93,10,10,40,220,120.001,532.019,35.158,2.33,0.154,9376.285
12,21.93,10,10,40,220,140.001,535.464,35.452,2.315,0.153,10008.849
12,21.93,10,10,40,220,160.001,538.56,35.408,2.302,0.151,10438.616
12,21.93,10,10,40,220,200.001,541.309,36.052,2.29,0.152,11043.98
12,21.93,10,10,40,220,240.001,544.74,36.688,2.276,0.153,11073.613
12,21.93,10,10,40,220,280.001,548.51,36.637,2.26,0.151,11094.441
12,21.93,10,10,40,220,330.001,550.222,37.291,2.253,0.153,11088.303
12,21.93,10,10,40,220,380.001,553.983,35.868,2.238,0.145,11070.331
12,21.93,10,10,40,220,450.001,556.373,36.177,2.228,0.145,10841.059
12,21.93,10,10,40,220,500.001,558.08,35.798,2.222,0.142,10648.53
12,21.93,10,10,40,220,550.001,559.785,35.436,2.215,0.14,10504.676
12,21.93,10,10,40,220,600.001,561.488,35.412,2.208,0.139,10223.656
14,22.04,10,10,40,240,10.001,484.006,27.031,2.562,0.143,1324.881
14,22.04,10,10,40,240,25.443,510.906,29.885,2.427,0.142,5802.73
14,22.04,10,10,40,240,35.615,518.54,32.573,2.391,0.15,8042.413
14,22.04,10,10,40,240,45.619,525.116,33.18,2.361,0.149,9808.266
14,22.04,10,10,40,240,57.506,530.64,34.488,2.337,0.152,10981.784
14,22.04,10,10,40,240,69.363,535.808,34.764,2.314,0.15,11961.122
14,22.04,10,10,40,240,81.304,539.247,34.712,2.299,0.148,12754.409
14,22.04,10,10,40,240,100.001,542.682,35.009,2.285,0.148,13383.987
14,22.04,10,10,40,240,120.001,546.112,35.302,2.27,0.147,14116.664
14,22.04,10,10,40,240,140.001,549.537,34.908,2.256,0.143,14602.188
14,22.04,10,10,40,240,160.001,552.274,34.525,2.245,0.14,15011.14
14,22.04,10,10,40,240,200.001,555.008,34.831,2.234,0.14,15600.743
14,22.04,10,10,40,240,240.001,558.762,35.112,2.219,0.139,15925.495
14,22.04,10,10,40,240,280.001,561.488,34.73,2.208,0.136,15857.774
14,22.04,10,10,40,240,330.001,563.531,34.358,2.2,0.134,16267.022
14,22.04,10,10,40,240,380.001,566.253,33.982,2.19,0.131,16288.722
14,22.04,10,10,40,240,450.001,568.292,33.612,2.182,0.129,16253.815
14,22.04,10,10,40,240,500.001,570.329,32.906,2.174,0.125,16308.698
14,22.04,10,10,40,240,550.001,571.686,32.546,2.169,0.123,16478.046
14,22.04,10,10,40,240,600.001,572.703,32.191,2.165,0.121,16392.651
15,21.88,10,10,40,240,10.001,483.304,27.395,2.565,0.146,1173.273
15,21.88,10,10,40,240,20.942,503.597,28.225,2.462,0.138,3989.795
15,21.88,10,10,40,240,31.019,513.685,31.241,2.414,0.147,6897.741
15,21.88,10,10,40,240,41.017,521.311,32.537,2.378,0.149,8625.347
15,21.88,10,10,40,240,51.082,527.189,33.153,2.352,0.148,10007.548
15,21.88,10,10,40,240,62.921,532.708,34.117,2.327,0.149,11059.776
15,21.88,10,10,40,240,80.001,534.775,34.431,2.318,0.149,11735.798
15,21.88,10,10,40,240,100.001,541.652,35.365,2.289,0.15,12654.676
15,21.88,10,10,40,240,120.001,546.112,35.306,2.27,0.147,13414.925
15,21.88,10,10,40,240,140.001,548.852,34.923,2.259,0.144,14306.168
15,21.88,10,10,40,240,160.001,551.932,35.898,2.246,0.146,14953.671
15,21.88,10,10,40,240,200.001,554.666,35.859,2.235,0.144,15621.576
15,21.88,10,10,40,240,240.001,558.421,35.117,2.22,0.139,15619.278
15,21.88,10,10,40,240,280.001,561.148,35.083,2.209,0.138,15362.818
15,21.88,10,10,40,240,330.001,564.212,34.011,2.197,0.132,15938.175
15,21.88,10,10,40,240,380.001,565.573,33.988,2.192,0.131,16008.544
15,21.88,10,10,40,240,450.001,567.952,33.622,2.183,0.129,16213.512
15,21.88,10,10,40,240,500.001,570.329,32.901,2.174,0.125,15814.595
15,21.88,10,10,40,240,550.001,571.686,32.546,2.169,0.123,15930.116
15,21.88,10,10,40,240,600.001,572.025,32.542,2.167,0.123,16188.809
16,22,10,10,40,240,10.001,483.304,27.395,2.565,0.146,1166.766
16,22,10,10,40,240,20.887,503.945,27.52,2.46,0.134,4785.737
16,22,10,10,40,240,30.906,513.685,31.241,2.414,0.147,6853.059
16,22,10,10,40,240,40.977,521.311,32.881,2.378,0.15,8655.089
16,22,10,10,40,240,51.06,526.843,33.5,2.353,0.15,10013.391
16,22,10,10,40,240,62.875,532.708,34.459,2.327,0.151,11100.822
16,22,10,10,40,240,80.001,537.528,35.082,2.307,0.151,12004.111
16,22,10,10,40,240,100.001,541.652,35.365,2.289,0.15,12910.424
16,22,10,10,40,240,120.001,546.112,36.333,2.27,0.151,14326.001
16,22,10,10,40,240,140.001,548.51,35.268,2.26,0.145,14292.645
16,22,10,10,40,240,160.001,551.932,34.875,2.246,0.142,14548.654
16,22,10,10,40,240,200.001,554.666,34.836,2.235,0.14,15114.335
16,22,10,10,40,240,240.001,558.421,35.117,2.22,0.139,15763.529
16,22,10,10,40,240,280.001,561.148,34.735,2.209,0.136,15930.632
16,22,10,10,40,240,330.001,563.872,34.354,2.199,0.134,15913.15
16,22,10,10,40,240,380.001,566.593,33.64,2.188,0.13,16158.697
16,22,10,10,40,240,450.001,567.272,33.964,2.186,0.13,16255.097
16,22,10,10,40,240,500.001,569.989,33.248,2.175,0.126,16006.187
16,22,10,10,40,240,550.001,571.347,32.551,2.17,0.123,15995.426
16,22,10,10,40,240,600.001,572.025,32.201,2.167,0.121,16060.312
17,22.02,10,10,40,240,10.001,483.304,27.395,2.565,0.146,1211.345
17,22.02,10,10,40,240,20.843,503.945,27.52,2.46,0.134,4716.931
17,22.02,10,10,40,240,30.856,513.685,31.936,2.414,0.15,6896.253
17,22.02,10,10,40,240,40.923,521.657,32.881,2.377,0.15,8804.015
17,22.02,10,10,40,240,50.952,526.498,33.162,2.355,0.149,10170.196
17,22.02,10,10,40,240,62.836,532.708,34.459,2.327,0.151,11223.004
17,22.02,10,10,40,240,80.001,537.184,34.74,2.308,0.149,12213.706
17,22.02,10,10,40,240,100.001,542.339,35.355,2.286,0.149,13226.186
17,22.02,10,10,40,240,120.001,545.769,36.678,2.272,0.153,14143.609
17,22.02,10,10,40,240,140.001,549.195,34.913,2.258,0.144,14355.115
17,22.02,10,10,40,240,160.001,552.274,35.554,2.245,0.145,15254.859
17,22.02,10,10,40,240,200.001,555.008,34.827,2.234,0.14,14979.938
17,22.02,10,10,40,240,240.001,558.421,35.46,2.22,0.141,15678.475
17,22.02,10,10,40,240,280.001,561.148,34.735,2.209,0.136,16147.08
17,22.02,10,10,40,240,330.001,563.531,34.363,2.2,0.134,16378.348
17,22.02,10,10,40,240,380.001,566.253,33.982,2.19,0.131,16060.506
17,22.02,10,10,40,240,450.001,568.971,33.27,2.179,0.127,16160.55
17,22.02,10,10,40,240,500.001,569.989,32.906,2.175,0.125,16037.949
17,22.02,10,10,40,240,550.001,571.347,32.551,2.17,0.123,16136.295
17,22.02,10,10,40,240,600.001,572.364,32.196,2.166,0.121,16261.03
18,21.92,10,10,40,240,10.001,481.899,27.763,2.573,0.148,1012.397
18,21.92,10,10,40,240,20.945,503.597,27.178,2.462,0.133,4620.501
18,21.92,10,10,40,240,31.013,513.337,31.246,2.415,0.147,6674.701
18,21.92,10,10,40,240,41.033,521.311,32.537,2.378,0.149,8527.462
18,21.92,10,10,40,240,51.113,526.843,32.81,2.353,0.147,9945.171
18,21.92,10,10,40,240,62.943,532.364,33.775,2.329,0.148,10952.477
18,21.92,10,10,40,240,80.001,537.184,34.74,2.308,0.149,11783.839
18,21.92,10,10,40,240,100.001,541.652,34.678,2.289,0.147,12601.819
18,21.92,10,10,40,240,120.001,545.769,34.621,2.272,0.144,13392.421
18,21.92,10,10,40,240,140.001,549.195,34.574,2.258,0.142,13869.242
18,21.92,10,10,40,240,160.001,552.616,34.525,2.244,0.14,14256.161
18,21.92,10,10,40,240,200.001,555.349,35.171,2.233,0.141,15239.032
18,21.92,10,10,40,240,240.001,558.762,34.774,2.219,0.138,15495.836
18,21.92,10,10,40,240,280.001,561.148,34.397,2.209,0.135,15567.324
18,21.92,10,10,40,240,330.001,564.212,34.016,2.197,0.132,15042.993
18,21.92,10,10,40,240,380.001,565.573,33.992,2.192,0.131,15653.531
18,21.92,10,10,40,240,450.001,568.631,33.27,2.18,0.127,15610.604
18,21.92,10,10,40,240,500.001,570.329,32.906,2.174,0.125,15884.688
18,21.92,10,10,40,240,550.001,571.347,32.551,2.17,0.123,15707.273
18,21.92,10,10,40,240,600.001,572.364,32.537,2.166,0.123,15926.831
20,22.09,10,10,40,260,10.001,498.713,25.829,2.486,0.128,4666.374
20,22.09,10,10,40,260,20.837,518.194,32.232,2.393,0.149,8727.607
20,22.09,10,10,40,260,30.9,527.879,34.186,2.349,0.153,11064.472
20,22.09,10,10,40,260,40.983,535.119,34.085,2.317,0.148,13070.525
20,22.09,10,10,40,260,50.996,540.965,33.664,2.292,0.143,14749.106
20,22.09,10,10,40,260,62.879,546.455,33.59,2.269,0.14,16185.894
20,22.09,10,10,40,260,80.001,551.248,34.555,2.249,0.141,17841.154
20,22.09,10,10,40,260,100.001,555.349,34.502,2.233,0.139,18759.115
20,22.09,10,10,40,260,120.001,558.08,33.776,2.222,0.135,20348.302
20,22.09,10,10,40,260,140.001,561.829,32.697,2.207,0.129,20956.361
20,22.09,10,10,40,260,160.001,564.552,31.98,2.196,0.125,21942.969
20,22.09,10,10,40,260,200.001,566.932,31.26,2.187,0.12,22906.46
20,22.09,10,10,40,260,240.001,569.989,31.22,2.175,0.119,23703.159
20,22.09,10,10,40,260,280.001,571.686,31.204,2.169,0.118,24548.49
20,22.09,10,10,40,260,330.001,573.382,31.509,2.162,0.118,24337.712
20,22.09,10,10,40,260,380.001,575.753,31.146,2.153,0.116,24557.82
20,22.09,10,10,40,260,450.001,577.784,30.784,2.146,0.114,24197.607
20,22.09,10,10,40,260,500.001,579.475,30.762,2.14,0.113,23043.777
20,22.09,10,10,40,260,550.001,580.49,30.749,2.136,0.113,22575.267
20,22.09,10,10,40,260,600.001,581.165,30.4,2.133,0.111,21960.56
21,22.02,10,10,40,260,10.001,498.713,25.829,2.486,0.128,4802.345
21,22.02,10,10,40,260,20.924,518.194,32.232,2.393,0.149,9039.008
21,22.02,10,10,40,260,30.997,527.879,34.534,2.349,0.154,11397.609
21,22.02,10,10,40,260,41.062,535.119,34.431,2.317,0.149,13402.166
21,22.02,10,10,40,260,51.074,540.965,34.01,2.292,0.145,15165.749
21,22.02,10,10,40,260,62.931,546.112,33.595,2.27,0.14,16583.951
21,22.02,10,10,40,260,80.001,550.906,35.244,2.251,0.144,18268.382
21,22.02,10,10,40,260,100.001,554.666,34.846,2.235,0.141,19147.978
21,22.02,10,10,40,260,120.001,558.762,34.106,2.219,0.136,20294.479
21,22.02,10,10,40,260,140.001,561.829,33.04,2.207,0.13,21361.934
21,22.02,10,10,40,260,160.001,563.872,33.007,2.199,0.129,22301.117
21,22.02,10,10,40,260,200.001,566.593,31.944,2.188,0.123,23184.863
21,22.02,10,10,40,260,240.001,569.65,31.225,2.176,0.119,24195.784
21,22.02,10,10,40,260,280.001,571.686,31.199,2.169,0.118,25052.932
21,22.02,10,10,40,260,330.001,574.737,31.504,2.157,0.118,24639.793
21,22.02,10,10,40,260,380.001,576.092,31.828,2.152,0.119,24604.636
21,22.02,10,10,40,260,450.001,577.446,30.784,2.147,0.114,24955.69
21,22.02,10,10,40,260,500.001,579.137,31.102,2.141,0.115,24054.834
21,22.02,10,10,40,260,550.001,579.813,30.754,2.138,0.113,23850.37
21,22.02,10,10,40,260,600.001,581.503,30.4,2.132,0.111,22809.549
22,21.87,10,10,40,260,10.001,499.76,25.819,2.481,0.128,5072.831
22,21.87,10,10,40,260,20.891,518.887,32.921,2.389,0.152,9300.165
22,21.87,10,10,40,260,30.911,526.843,35.93,2.353,0.161,11092.406
22,21.87,10,10,40,260,40.992,535.464,35.115,2.315,0.152,13725.206
22,21.87,10,10,40,260,50.995,541.309,34.693,2.29,0.147,15599.516
22,21.87,10,10,40,260,62.872,546.797,33.935,2.267,0.141,17105.243
22,21.87,10,10,40,260,80.001,551.248,34.895,2.249,0.143,18985.208
22,21.87,10,10,40,260,100.001,555.349,34.497,2.233,0.139,19958.352
22,21.87,10,10,40,260,120.001,558.762,33.763,2.219,0.134,20989.195
22,21.87,10,10,40,260,140.001,561.829,33.04,2.207,0.13,21979.877
22,21.87,10,10,40,260,160.001,564.212,32.659,2.197,0.127,22869.339
22,21.87,10,10,40,260,200.001,567.272,31.944,2.186,0.123,23863.452
22,21.87,10,10,40,260,240.001,569.989,31.225,2.175,0.119,24967.942
22,21.87,10,10,40,260,280.001,572.364,30.853,2.166,0.117,25341.125
22,21.87,10,10,40,260,330.001,574.059,31.509,2.16,0.118,25260.509
22,21.87,10,10,40,260,380.001,576.092,30.802,2.152,0.115,25348.161
22,21.87,10,10,40,260,450.001,577.784,31.121,2.146,0.115,24471.718
22,21.87,10,10,40,260,500.001,579.137,30.762,2.141,0.113,24139.292
22,21.87,10,10,40,260,550.001,579.813,30.758,2.138,0.113,23693.162
22,21.87,10,10,40,260,600.001,581.165,30.74,2.133,0.113,22876.813
23,21.99,10,10,40,260,10.001,499.062,25.825,2.484,0.128,4827.716
23,21.99,10,10,40,260,21.012,518.194,32.232,2.393,0.149,8810.284
23,21.99,10,10,40,260,31.016,526.153,35.249,2.356,0.158,10519.16
23,21.99,10,10,40,260,41.104,535.464,34.431,2.315,0.149,13102.226
23,21.99,10,10,40,260,51.119,540.965,35.039,2.292,0.149,15519.455
23,21.99,10,10,40,260,62.99,545.083,34.64,2.275,0.145,16884.484
23,21.99,10,10,40,260,80.001,550.906,34.899,2.251,0.143,17971.924
23,21.99,10,10,40,260,100.001,555.008,34.841,2.234,0.141,18917.263
23,21.99,10,10,40,260,120.001,557.738,33.776,2.223,0.135,20674.232
23,21.99,10,10,40,260,140.001,561.829,32.697,2.207,0.129,21373.514
23,21.99,10,10,40,260,160.001,564.552,32.317,2.196,0.126,22130.581
23,21.99,10,10,40,260,200.001,567.272,31.602,2.186,0.122,23228.113
23,21.99,10,10,40,260,240.001,570.329,31.562,2.174,0.12,23818.946
23,21.99,10,10,40,260,280.001,571.008,31.549,2.171,0.12,24469.663
23,21.99,10,10,40,260,330.001,574.398,31.163,2.159,0.117,25082.976
23,21.99,10,10,40,260,380.001,575.753,30.805,2.153,0.115,24963.455
23,21.99,10,10,40,260,450.001,577.784,31.121,2.146,0.115,24802.765
23,21.99,10,10,40,260,500.001,578.799,31.448,2.142,0.116,23777.426
23,21.99,10,10,40,260,550.001,580.49,30.749,2.136,0.113,23184.508
23,21.99,10,10,40,260,600.001,581.503,30.397,2.132,0.111,22472.472
24,22.04,10,10,40,260,10.001,497.665,25.141,2.491,0.125,4397.294
24,22.04,10,10,40,260,20.931,517.847,31.195,2.394,0.144,8751.801
24,22.04,10,10,40,260,30.998,527.189,33.848,2.352,0.151,10746.953
24,22.04,10,10,40,260,41.016,535.119,33.743,2.317,0.146,12873.425
24,22.04,10,10,40,260,51.083,540.278,33.332,2.295,0.142,14503.672
24,22.04,10,10,40,260,62.964,546.112,33.25,2.27,0.138,15783.801
24,22.04,10,10,40,260,80.001,551.248,34.21,2.249,0.14,17526.166
24,22.04,10,10,40,260,100.001,555.008,34.158,2.234,0.138,18484.336
24,22.04,10,10,40,260,120.001,557.738,33.433,2.223,0.133,19947.216
24,22.04,10,10,40,260,140.001,561.829,32.697,2.207,0.129,20593.029
24,22.04,10,10,40,260,160.001,564.212,31.98,2.197,0.125,21340.821
24,22.04,10,10,40,260,200.001,567.272,31.602,2.186,0.122,22365.296
24,22.04,10,10,40,260,240.001,569.989,30.883,2.175,0.118,23540.96
24,22.04,10,10,40,260,280.001,572.703,30.853,2.165,0.117,24106.444
24,22.04,10,10,40,260,330.001,573.72,30.836,2.161,0.116,24352.662
24,22.04,10,10,40,260,380.001,576.092,30.802,2.152,0.115,24016.676
24,22.04,10,10,40,260,450.001,578.123,30.44,2.145,0.113,23889.817
24,22.04,10,10,40,260,500.001,579.475,30.422,2.14,0.112,22910.498
24,22.04,10,10,40,260,550.001,580.49,30.409,2.136,0.112,22207.398
24,22.04,10,10,40,260,600.001,581.503,30.397,2.132,0.111,21515.194
26,21.91,10,10,40,280,10.001,509.515,27.465,2.433,0.131,8804.986
26,21.91,10,10,40,280,21.057,529.95,34.173,2.34,0.152,12289.28
26,21.91,10,10,40,280,31.057,538.216,35.423,2.304,0.152,14415.414
26,21.91,10,10,40,280,41.122,546.112,35.321,2.27,0.148,16541.426
26,21.91,10,10,40,280,51.149,552.616,34.545,2.244,0.141,19780.694
26,21.91,10,10,40,280,63.044,557.397,33.452,2.224,0.134,22099.285
26,21.91,10,10,40,280,80.001,562.169,32.358,2.205,0.127,24882.429
26,21.91,10,10,40,280,100.001,565.573,31.97,2.192,0.124,26688.932
26,21.91,10,10,40,280,120.001,568.971,31.246,2.179,0.12,28591.669
26,21.91,10,10,40,280,140.001,571.347,31.549,2.17,0.12,28855.013
26,21.91,10,10,40,280,160.001,574.059,31.523,2.16,0.119,28779.556
26,21.91,10,10,40,280,200.001,576.092,31.151,2.152,0.116,28728.337
26,21.91,10,10,40,280,240.001,579.137,30.78,2.141,0.114,28420.674
26,21.91,10,10,40,280,280.001,581.165,30.754,2.133,0.113,27561.204
26,21.91,10,10,40,280,330.001,582.854,30.057,2.127,0.11,26476.759
26,21.91,10,10,40,280,380.001,583.529,30.379,2.125,0.111,25163.253
26,21.91,10,10,40,280,450.001,585.554,29.688,2.117,0.108,23658.611
26,21.91,10,10,40,280,500.001,585.891,30.353,2.116,0.11,21232.247
26,21.91,10,10,40,280,550.001,586.565,29.671,2.114,0.107,19629.532
26,21.91,10,10,40,280,600.001,586.565,30.345,2.114,0.11,18873.209
27,22.11,10,10,40,280,10.001,509.863,27.116,2.432,0.129,8671.791
27,22.11,10,10,40,280,20.886,529.95,33.821,2.34,0.15,12156.223
27,22.11,10,10,40,280,30.975,538.56,35.765,2.302,0.153,14077.26
27,22.11,10,10,40,280,41.003,546.112,35.316,2.27,0.147,16253.157
27,22.11,10,10,40,280,51.024,552.616,34.54,2.244,0.141,19495.941
27,22.11,10,10,40,280,62.847,557.738,33.447,2.223,0.134,21814.743
27,22.11,10,10,40,280,80.001,562.51,32.354,2.204,0.127,24565.483
27,22.11,10,10,40,280,100.001,565.913,31.286,2.191,0.121,26429.8
27,22.11,10,10,40,280,120.001,568.631,31.588,2.18,0.121,27446.659
27,22.11,10,10,40,280,140.001,571.347,31.216,2.17,0.119,28716.465
27,22.11,10,10,40,280,160.001,574.059,31.518,2.16,0.119,28178.009
27,22.11,10,10,40,280,200.001,576.43,31.146,2.151,0.116,27658.599
27,22.11,10,10,40,280,240.001,579.475,30.776,2.14,0.114,26989.828
27,22.11,10,10,40,280,280.001,581.503,30.749,2.132,0.113,26057.577
27,22.11,10,10,40,280,330.001,582.517,30.392,2.128,0.111,24932.686
27,22.11,10,10,40,280,380.001,584.204,29.7,2.122,0.108,23397.841
27,22.11,10,10,40,280,450.001,584.542,30.375,2.121,0.111,22559.15
27,22.11,10,10,40,280,500.001,585.891,30.018,2.116,0.109,20392.063
27,22.11,10,10,40,280,550.001,586.565,30.01,2.114,0.108,18188.177
27,22.11,10,10,40,280,600.001,586.903,30.006,2.113,0.108,17323.162
28,22.03,10,10,40,280,10.001,509.167,26.773,2.435,0.128,8127.985
28,22.03,10,10,40,280,20.876,529.95,32.783,2.34,0.145,12288.758
28,22.03,10,10,40,280,30.908,539.247,34.726,2.299,0.149,14406.723
28,22.03,10,10,40,280,40.966,546.112,34.635,2.27,0.145,16326.339
28,22.03,10,10,40,280,51.037,552.274,34.54,2.245,0.141,19413.389
28,22.03,10,10,40,280,62.856,557.738,33.104,2.223,0.132,21632.436
28,22.03,10,10,40,280,80.001,562.51,31.668,2.204,0.124,24378.131
28,22.03,10,10,40,280,100.001,565.913,31.962,2.191,0.124,25343.522
28,22.03,10,10,40,280,120.001,568.971,31.243,2.179,0.12,26998.177
28,22.03,10,10,40,280,140.001,571.686,31.549,2.169,0.12,27207.489
28,22.03,10,10,40,280,160.001,573.72,31.181,2.161,0.118,27935.639
28,22.03,10,10,40,280,200.001,576.43,31.487,2.151,0.118,26944.501
28,22.03,10,10,40,280,240.001,579.475,31.112,2.14,0.115,25751.425
28,22.03,10,10,40,280,280.001,580.827,30.754,2.135,0.113,25248.829
28,22.03,10,10,40,280,330.001,582.517,30.392,2.128,0.111,23906.739
28,22.03,10,10,40,280,380.001,584.204,30.04,2.122,0.109,22842.697
28,22.03,10,10,40,280,450.001,585.217,30.027,2.119,0.109,21301.002
28,22.03,10,10,40,280,500.001,586.228,30.014,2.115,0.109,18695.172
28,22.03,10,10,40,280,550.001,586.228,29.671,2.115,0.107,17560.676
28,22.03,10,10,40,280,600.001,587.24,29.667,2.111,0.107,16298.558
29,21.97,10,10,40,280,10.001,510.211,27.113,2.43,0.129,8825.777
29,21.97,10,10,40,280,21.001,530.295,34.168,2.338,0.152,12281.246
29,21.97,10,10,40,280,31.027,538.56,35.418,2.302,0.152,14292.891
29,21.97,10,10,40,280,41.111,546.112,34.976,2.27,0.146,16535.95
29,21.97,10,10,40,280,51.14,552.616,34.54,2.244,0.141,19760.065
29,21.97,10,10,40,280,62.98,557.738,33.447,2.223,0.134,21964.021
29,21.97,10,10,40,280,80.001,562.51,32.354,2.204,0.127,24224.14
29,21.97,10,10,40,280,100.001,564.212,31.65,2.197,0.124,26355.496
29,21.97,10,10,40,280,120.001,568.631,31.588,2.18,0.121,27393.653
29,21.97,10,10,40,280,140.001,571.347,31.549,2.17,0.12,27978.48
29,21.97,10,10,40,280,160.001,574.059,31.518,2.16,0.119,27849.093
29,21.97,10,10,40,280,200.001,575.753,31.495,2.153,0.118,28529.718
29,21.97,10,10,40,280,240.001,579.137,30.776,2.141,0.114,26687.655
29,21.97,10,10,40,280,280.001,580.49,31.094,2.136,0.115,26126.589
29,21.97,10,10,40,280,330.001,582.179,30.397,2.13,0.111,24485.827
29,21.97,10,10,40,280,380.001,583.867,30.383,2.124,0.111,23265.354
29,21.97,10,10,40,280,450.001,585.217,30.027,2.119,0.109,21240.103
29,21.97,10,10,40,280,500.001,585.554,30.018,2.117,0.109,19865.088
29,21.97,10,10,40,280,550.001,586.565,30.01,2.114,0.108,17951.403
29,21.97,10,10,40,280,600.001,586.565,30.01,2.114,0.108,16679.445
30,21.86,10,10,40,280,10.001,510.558,28.496,2.428,0.135,9393.208
30,21.86,10,10,40,280,20.967,530.295,36.582,2.338,0.162,12698.007
30,21.86,10,10,40,280,31.012,539.591,36.789,2.298,0.158,15209.28
30,21.86,10,10,40,280,41.035,547.14,37.369,2.266,0.156,18198.313
30,21.86,10,10,40,280,51.054,552.958,35.219,2.242,0.143,20859.545
30,21.86,10,10,40,280,62.957,558.421,34.124,2.22,0.136,23267.834
30,21.86,10,10,40,280,80.001,562.85,32.349,2.203,0.127,26043.935
30,21.86,10,10,40,280,100.001,565.573,32.313,2.192,0.126,27855.205
30,21.86,10,10,40,280,120.001,568.631,31.246,2.18,0.12,29864.462
30,21.86,10,10,40,280,140.001,572.364,31.545,2.166,0.12,29520.408
30,21.86,10,10,40,280,160.001,573.72,32.205,2.161,0.122,29388.326
30,21.86,10,10,40,280,200.001,576.43,31.487,2.151,0.118,29770.971
30,21.86,10,10,40,280,240.001,579.475,31.452,2.14,0.116,28044.948
30,21.86,10,10,40,280,280.001,580.152,31.442,2.137,0.116,27441.973
30,21.86,10,10,40,280,330.001,582.517,30.736,2.128,0.113,25781.816
30,21.86,10,10,40,280,380.001,583.867,30.714,2.124,0.112,23838.642
30,21.86,10,10,40,280,450.001,585.217,30.367,2.119,0.11,22673.367
30,21.86,10,10,40,280,500.001,585.554,31.037,2.117,0.113,20034.502
30,21.86,10,10,40,280,550.001,585.891,30.353,2.116,0.11,18850.292
30,21.86,10,10,40,280,600.001,586.903,30.345,2.113,0.11,17126.644
32,22.12,10,10,40,300,10.001,519.926,30.477,2.385,0.14,11930.991
32,22.12,10,10,40,300,20.845,539.935,36.442,2.296,0.156,16006.775
32,22.12,10,10,40,300,30.863,548.51,37.003,2.26,0.153,18789.281
32,22.12,10,10,40,300,40.949,557.056,35.171,2.226,0.141,23495.568
32,22.12,10,10,40,300,50.956,562.51,33.726,2.204,0.133,27027.101
32,22.12,10,10,40,300,62.853,565.913,33.331,2.191,0.129,28197.216
32,22.12,10,10,40,300,80.001,569.31,33.289,2.178,0.128,28805.921
32,22.12,10,10,40,300,100.001,574.737,33.215,2.157,0.125,27670.822
32,22.12,10,10,40,300,120.001,577.446,32.841,2.147,0.123,27191.714
32,22.12,10,10,40,300,140.001,579.475,32.474,2.14,0.12,26280.627
32,22.12,10,10,40,300,160.001,580.827,32.45,2.135,0.12,24913.907
32,22.12,10,10,40,300,200.001,582.854,32.091,2.127,0.118,23881.368
32,22.12,10,10,40,300,240.001,583.867,32.418,2.124,0.119,22295.652
32,22.12,10,10,40,300,280.001,585.554,32.06,2.117,0.117,19572.582
32,22.12,10,10,40,300,330.001,586.228,32.39,2.115,0.118,18048.181
32,22.12,10,10,40,300,380.001,586.565,32.387,2.114,0.117,15879.745
32,22.12,10,10,40,300,450.001,586.903,32.378,2.113,0.117,14091.157
32,22.12,10,10,40,300,500.001,587.577,32.368,2.11,0.117,11483.952
32,22.12,10,10,40,300,550.001,587.577,32.707,2.11,0.118,10592.642
32,22.12,10,10,40,300,600.001,587.577,33.042,2.11,0.119,9123.268
33,22.01,10,10,40,300,10.001,519.926,29.784,2.385,0.137,11829.139
33,22.01,10,10,40,300,20.937,538.904,38.185,2.301,0.164,14333.717
33,22.01,10,10,40,300,31.004,550.222,36.637,2.253,0.151,19762.661
33,22.01,10,10,40,300,41.071,557.056,34.827,2.226,0.14,23223.207
33,22.01,10,10,40,300,51.08,562.51,33.383,2.204,0.131,26516.536
33,22.01,10,10,40,300,62.964,566.253,32.984,2.19,0.128,27543.076
33,22.01,10,10,40,300,80.001,569.31,32.947,2.178,0.127,28395.45
33,22.01,10,10,40,300,100.001,574.737,33.215,2.157,0.125,27013.06
33,22.01,10,10,40,300,120.001,577.446,32.841,2.147,0.123,26554.97
33,22.01,10,10,40,300,140.001,579.137,32.478,2.141,0.121,26203.506
33,22.01,10,10,40,300,160.001,581.165,32.114,2.133,0.118,24320.469
33,22.01,10,10,40,300,200.001,583.192,32.091,2.126,0.118,22904.7
33,22.01,10,10,40,300,240.001,584.542,31.734,2.121,0.116,20386.128
33,22.01,10,10,40,300,280.001,585.891,32.395,2.116,0.118,18131.786
33,22.01,10,10,40,300,330.001,586.228,31.711,2.115,0.115,16366.605
33,22.01,10,10,40,300,380.001,586.565,32.378,2.114,0.117,13897.496
33,22.01,10,10,40,300,450.001,586.903,32.378,2.113,0.117,13202.824
33,22.01,10,10,40,300,500.001,587.577,32.368,2.11,0.117,10634.946
33,22.01,10,10,40,300,550.001,587.914,32.363,2.109,0.117,8861.324
33,22.01,10,10,40,300,600.001,588.25,32.698,2.108,0.118,7430.164
34,21.9,10,10,40,300,10.001,520.273,31.514,2.383,0.145,11921.579
34,21.9,10,10,40,300,20.96,540.622,36.778,2.293,0.157,16692.172
34,21.9,10,10,40,300,30.987,550.564,37.317,2.252,0.154,20971.161
34,21.9,10,10,40,300,40.999,557.397,35.166,2.224,0.141,24466.921
34,21.9,10,10,40,300,51.081,562.169,34.064,2.205,0.134,27571.433
34,21.9,10,10,40,300,62.939,566.593,33.322,2.188,0.129,28697.558
34,21.9,10,10,40,300,80.001,571.347,33.262,2.17,0.127,28828.141
34,21.9,10,10,40,300,100.001,574.737,32.874,2.157,0.124,28322.462
34,21.9,10,10,40,300,120.001,577.446,32.841,2.147,0.123,27718.255
34,21.9,10,10,40,300,140.001,579.475,32.814,2.14,0.122,26404.674
34,21.9,10,10,40,300,160.001,581.165,32.455,2.133,0.12,25684.117
34,21.9,10,10,40,300,200.001,582.854,32.432,2.127,0.119,23677.542
34,21.9,10,10,40,300,240.001,584.542,32.41,2.121,0.118,20976.453
34,21.9,10,10,40,300,280.001,585.554,32.735,2.117,0.119,18469.627
34,21.9,10,10,40,300,330.001,585.891,32.73,2.116,0.119,17274.916
34,21.9,10,10,40,300,380.001,586.903,32.382,2.113,0.117,14835.436
34,21.9,10,10,40,300,450.001,587.24,32.713,2.111,0.118,13023.383
34,21.9,10,10,40,300,500.001,587.577,32.368,2.11,0.117,10645.05
34,21.9,10,10,40,300,550.001,587.914,33.042,2.109,0.119,9401.424
34,21.9,10,10,40,300,600.001,587.914,33.042,2.109,0.119,8167.729
35,21.94,10,10,40,300,10.001,519.58,30.133,2.386,0.138,11697.194
35,21.94,10,10,40,300,20.918,538.56,38.878,2.302,0.168,14099.514
35,21.94,10,10,40,300,30.934,549.879,35.958,2.255,0.148,18876.422
35,21.94,10,10,40,300,40.989,556.715,34.831,2.227,0.14,23116.99
35,21.94,10,10,40,300,51.062,562.169,33.387,2.205,0.132,26397.612
35,21.94,10,10,40,300,62.906,566.593,33.327,2.188,0.129,27345.446
35,21.94,10,10,40,300,80.001,571.347,32.92,2.17,0.126,27642.513
35,21.94,10,10,40,300,100.001,574.737,32.878,2.157,0.124,27165.495
35,21.94,10,10,40,300,120.001,577.107,32.501,2.148,0.121,26654.559
35,21.94,10,10,40,300,140.001,579.137,32.478,2.141,0.121,26186.56
35,21.94,10,10,40,300,160.001,581.503,31.774,2.132,0.117,24409.242
35,21.94,10,10,40,300,200.001,581.841,32.437,2.131,0.119,23478.159
35,21.94,10,10,40,300,240.001,584.542,31.734,2.121,0.116,20277.146
35,21.94,10,10,40,300,280.001,585.554,31.72,2.117,0.115,18093.601
35,21.94,10,10,40,300,330.001,586.565,32.047,2.114,0.116,16139.3
35,21.94,10,10,40,300,380.001,586.903,32.382,2.113,0.117,14653.394
35,21.94,10,10,40,300,450.001,586.903,32.378,2.113,0.117,13039.2
35,21.94,10,10,40,300,500.001,587.577,32.368,2.11,0.117,10866.145
35,21.94,10,10,40,300,550.001,587.914,32.363,2.109,0.117,8870.445
35,21.94,10,10,40,300,600.001,587.914,32.703,2.109,0.118,8323.623
36,22.15,10,10,40,300,10.001,519.58,30.133,2.386,0.138,11711.289
36,22.15,10,10,40,300,20.904,539.935,36.1,2.296,0.155,15674.529
36,22.15,10,10,40,300,30.934,549.879,35.958,2.255,0.148,19096.727
36,22.15,10,10,40,300,40.968,556.032,35.18,2.23,0.142,22990.246
36,22.15,10,10,40,300,51.045,562.169,34.069,2.205,0.134,26301.202
36,22.15,10,10,40,300,62.902,566.593,33.327,2.188,0.129,27410.169
36,22.15,10,10,40,300,80.001,571.347,33.262,2.17,0.127,27675.059
36,22.15,10,10,40,300,100.001,575.076,32.874,2.156,0.124,27318.359
36,22.15,10,10,40,300,120.001,576.43,32.85,2.151,0.123,27550.694
36,22.15,10,10,40,300,140.001,579.475,32.474,2.14,0.12,25367.887
36,22.15,10,10,40,300,160.001,581.503,32.114,2.132,0.118,24074.868
36,22.15,10,10,40,300,200.001,583.192,32.091,2.126,0.118,22537.623
36,22.15,10,10,40,300,240.001,584.204,32.41,2.122,0.118,19785.215
36,22.15,10,10,40,300,280.001,585.217,32.4,2.119,0.118,18303.572
36,22.15,10,10,40,300,330.001,586.565,31.708,2.114,0.115,15440.304
36,22.15,10,10,40,300,380.001,587.24,32.038,2.111,0.116,13466.619
36,22.15,10,10,40,300,450.001,587.24,32.373,2.111,0.117,11777.161
36,22.15,10,10,40,300,500.001,587.24,32.713,2.111,0.118,11160.869
36,22.15,10,10,40,300,550.001,587.914,32.363,2.109,0.117,8550.603
36,22.15,10,10,40,300,600.001,588.25,32.698,2.108,0.118,7233.024
