Cd_mM,Se_mM,OA_Cd_ratio,T_reactor,t_s,Peak_eV
0.462517585,0.743593632,0.020308388,0.568189557,0.51701482,0.196088888
0.22493909,0.597529515,0.11835951,0.147329605,0.148592753,0.44879511
0.573745659,0.254369055,0.230395989,0.369086304,0.243534408,0.89060944
0.303928809,0.740776687,0.180607158,0.863436564,0.890737391,0.101584078
0.147869153,0.274115165,0.133484205,0.790326849,0.430291632,0.537382085
0.422214598,0.791623895,0.222962467,0.256129508,0.804414972,0.073108715
0.127415627,0.749299995,0.251322255,0.687201727,0.417851516,0.852947377
0.301638937,0.780381322,0.184720077,0.751043859,0.057325633,0.494459886
0.622320385,0.490710412,0.095128098,0.326354539,0.88601631,0.755579594
0.260990939,0.592677872,0.022954832,0.231913322,0.894830608,0.046064284
0.322988739,0.321605374,0.223975534,0.533383915,0.824924855,0.086521934
0.169123362,0.657429097,0.038762502,0.532092996,0.660510558,0.711297149
0.378445298,0.231299144,0.00690028,0.576212744,0.983078784,0.692906212
0.461716069,0.345497416,0.102676316,0.881870523,0.053280953,0.418383087
0.383618593,0.65966127,0.097729165,0.482117137,0.050546745,0.04105396
0.788230939,0.123885951,0.109586177,0.688338338,0.697418506,0.066548521
0.22595167,0.561877027,0.077915406,0.90572301,0.723601595,0.732409178
0.70532,0.33607341,0.072797682,0.222347594,0.063177,0.436503719
0.293499907,0.264829677,0.18930378,0.810957519,0.968719052,0.898958715
0.456606533,0.476045971,0.13319546,0.665505684,0.351650828,0.572203488
0.480792745,0.196283926,0.18983093,0.55635729,0.937649807,0.20041772
0.38041389,0.492630899,0.171765586,0.660067905,0.183336407,0.58524451
0.169686991,0.750931645,0.065204745,0.166856683,0.166935909,0.098083103
0.573011757,0.591061394,0.047352189,0.386207792,0.316145734,0.413340663
0.232330826,0.783984564,0.07143971,0.797801518,0.875679558,0.111256487
0.32922211,0.560038752,0.068231415,0.743780135,0.289568775,0.890040144
0.155359332,0.370684644,0.066766838,0.241371433,0.086547946,0.418000742
0.422609677,0.209862836,0.029864511,0.579812774,0.669525152,0.107319859
0.168275914,0.325017574,0.229610596,0.531051276,0.47105922,0.483176315
0.465384955,0.669932357,0.081973642,0.399716926,0.846229557,0.2130797
0.436872252,0.782764156,0.200567345,0.568464814,0.101000998,0.885579812
0.442631342,0.433389137,0.189846803,0.620948723,0.620558389,0.813408065
0.192227111,0.463634596,0.031979226,0.532929834,0.589171523,0.39203073
0.319621712,0.251061589,0.101611661,0.474410065,0.398594294,0.388024794
0.320684896,0.660645026,0.18617018,0.608668197,0.757159997,0.444040658
0.653492285,0.583377744,0.166881472,0.513251134,0.098737269,0.881772229
0.308053961,0.440180858,0.086551982,0.481209936,0.502335755,0.259016023
0.707123205,0.433002205,0.024345672,0.414671621,0.451788043,0.490436021
0.103859392,0.107449763,0.162396979,0.536023893,0.971261102,0.423845526
0.41103354,0.350948272,0.230751177,0.296011067,0.782560353,0.647479595
0.745867445,0.751583916,0.164147237,0.453108297,0.53740825,0.577816121
0.138838546,0.387081581,0.091447664,0.46105358,0.533879176,0.537721452
0.208332179,0.521644459,0.23486686,0.890970727,0.326093121,0.26355605
0.64029531,0.780846512,0.103740419,0.722769145,0.89318765,0.712677728
0.504691671,0.595541162,0.200816568,0.666635056,0.759645344,0.262852126
0.120678029,0.426506722,0.030968876,0.620751907,0.196993827,0.184078047
0.123650146,0.492793878,0.176599966,0.098102359,0.734651387,0.778663918
0.476259822,0.428640775,0.025930341,0.212632031,0.82245674,0.250334389
0.784504602,0.292441224,0.202304509,0.287106228,0.551828762,0.04381336
0.619048855,0.733645565,0.05336098,0.816377667,0.199044232,0.649899102
0.390221081,0.490264162,0.069645638,0.786357423,0.442120566,0.17639737
0.74769597,0.432201142,0.073154579,0.727259913,0.62980209,0.879807815
0.540927168,0.731384801,0.047858116,0.472516035,0.482505978,0.170030148
0.658834877,0.1475088,0.109019823,0.618137758,0.070942912,0.420307586
0.13642575,0.449295778,0.119961584,0.768855996,0.415653961,0.466245365
0.168892068,0.785878598,0.118649996,0.432288749,0.418011779,0.260889895
0.242931002,0.527312494,0.033915831,0.757100236,0.697820524,0.132503575
0.299704389,0.286848492,0.067686146,0.203966117,0.457735813,0.490619961
0.237723938,0.199134485,0.082274904,0.798726098,0.24967491,0.281069361
0.352245035,0.363890122,0.143370939,0.36368086,0.545404141,0.201563375
0.189827333,0.134762191,0.155735604,0.162372371,0.210792762,0.571955764
0.540297406,0.182754494,0.198542271,0.350672835,0.239303372,0.479454939
0.103262188,0.505591071,0.019378254,0.7253082,0.495389056,0.421315583
0.462116906,0.315047963,0.099697761,0.108933297,0.739500815,0.445858178
0.278121642,0.75722746,0.126442547,0.670930427,0.291192062,0.770317103
0.185643048,0.367099992,0.174255631,0.523425831,0.643700736,0.449958495
0.408134626,0.789034872,0.236971811,0.696807682,0.110172986,0.729625034
0.786161196,0.419087394,0.242300233,0.367609044,0.846329597,0.735340456
0.315808868,0.475236268,0.002913902,0.393957582,0.258390289,0.304714634
0.472973507,0.18003145,0.229481931,0.879005154,0.357248213,0.8557607
0.330628496,0.750853517,0.192327261,0.542196156,0.178767174,0.477305266
0.335340348,0.219951569,0.133472693,0.124334158,0.70345624,0.510606438
0.603944755,0.380105717,0.086333082,0.357225211,0.440667213,0.107149292
0.647111487,0.319460527,0.08088751,0.541292753,0.033078455,0.706520615
0.281462799,0.295156594,0.135059574,0.68408252,0.731192888,0.528055078
0.455297463,0.157431411,0.102269365,0.536154883,0.62841015,0.60552053
0.404180596,0.630855328,0.076139794,0.275230062,0.573448659,0.365371021
0.531664997,0.37388289,0.158183869,0.842399228,0.498849283,0.082350052
0.391331528,0.341611557,0.126949275,0.181276415,0.826791878,0.298876614
0.250699533,0.681661488,0.101386862,0.219159515,0.670078066,0.088730035
0.443910035,0.312630434,0.165158883,0.40042057,0.350282677,0.673397536
0.414481117,0.785816281,0.084372487,0.163545835,0.715216039,0.59451347
0.161793783,0.699167755,0.097552059,0.729856827,0.94832166,0.671305365
0.779119522,0.764305783,0.207775282,0.900504228,0.33827378,0.88691211
0.299001143,0.363503946,0.095575622,0.549640221,0.115902654,0.709229083
0.759529342,0.128380628,0.069548649,0.258236384,0.101809674,0.217536213
0.516243496,0.610036705,0.181202116,0.660894494,0.753667373,0.353051682
0.689089216,0.292393224,0.200926976,0.879902746,0.293238925,0.261993507
0.7955096,0.213603882,0.037585108,0.805640041,0.573160837,0.181086469
0.434173514,0.399667558,0.064957923,0.202028496,0.868344204,0.65711483
0.420375763,0.797868668,0.118382675,0.339665298,0.535528183,0.55755385
0.75128677,0.574233405,0.023220139,0.192328197,0.665515898,0.477627077
0.751711932,0.61250467,0.167760915,0.890057218,0.310410344,0.059606159
0.633378265,0.491727434,0.181849739,0.68182304,0.301890748,0.155294049
0.195438156,0.389724028,0.12507304,0.3757226,0.888933535,0.007949437
0.532234371,0.68586606,0.070527762,0.151649271,0.373871139,0.244376168
0.402080835,0.235498195,0.109899749,0.867288966,0.967635002,0.392941325
0.76753498,0.374294779,0.18941665,0.2753275,0.272807519,0.925002907
0.510796497,0.44040443,0.240336337,0.757682896,0.125909194,0.481841365
0.224652458,0.714007265,0.020808301,0.687479552,0.030945322,0.664241348
0.397300019,0.243224138,0.106236554,0.523635637,0.257459523,0.337458074
0.1491331,0.166092976,0.145301834,0.290999034,0.65831361,0.068865539
0.160432026,0.499754556,0.251496999,0.524663545,0.78209063,0.826578675
0.276932841,0.674465608,0.147239628,0.730347347,0.440741373,0.063533132
0.245992976,0.41396041,0.041074927,0.159914201,0.301738373,0.035109865
0.56602388,0.443419345,0.023967025,0.649874154,0.515461542,0.428810383
0.611947142,0.645137915,0.068426883,0.907299255,0.948103294,0.46368218
0.224082038,0.370448528,0.054992922,0.252957509,0.459792361,0.436444538
0.647674478,0.644655268,0.17330724,0.81067914,0.277862126,0.489439088
0.696300297,0.791802417,0.097615109,0.730952901,0.390317585,0.778906474
0.451743814,0.770028228,0.16411169,0.786417161,0.456313349,0.782797182
0.372125978,0.540196765,0.207475135,0.451428359,0.614760436,0.664105492
0.260462873,0.24586342,0.018938672,0.666373296,0.08366616,0.413831272
0.393055248,0.34687456,0.199034342,0.304500327,0.718955961,0.696829772
0.117326143,0.127183457,0.023995901,0.109944102,0.641082492,0.453267206
0.141087667,0.1181192,0.177782062,0.688010561,0.880793712,0.460245689
0.598672697,0.511159947,0.026732772,0.600317901,0.482247283,0.629746407
0.188049937,0.487005139,0.03184679,0.224191976,0.451892554,0.115781088
0.792147092,0.735280312,0.081446016,0.74151255,0.444199684,0.537308535
0.736028766,0.154335209,0.232153756,0.61623156,0.626268655,0.654952299
0.56040307,0.126422337,0.187899018,0.452249039,0.220499492,0.362934291
0.769259013,0.764416174,0.141266926,0.277325734,0.720961048,0.087105597
0.582701274,0.615269251,0.051607123,0.259305867,0.950320366,0.484771004
0.148587303,0.78421414,0.228407633,0.262916177,0.803444792,0.096675975
0.336414111,0.33550448,0.035020429,0.378181269,0.093150119,0.105420996
0.403681008,0.626544892,0.239832407,0.700423099,0.514471616,0.611523226
0.746508701,0.486950262,0.059429219,0.872712172,0.418610848,0.249634489
0.217304225,0.485211698,0.21298372,0.095509242,0.395260043,0.28482524
0.185816118,0.768348331,0.20140056,0.178024563,0.168604931,0.321368484
0.132726629,0.176205148,0.149771973,0.778268471,0.457877528,0.410968797
0.334934706,0.326037782,0.112183844,0.475181125,0.388379803,0.34742607
0.459040949,0.355006247,0.173357493,0.155405512,0.994644889,0.567957369
0.189200483,0.218472736,0.248127271,0.363043707,0.488227869,0.077422589
0.741049551,0.52011012,0.008775193,0.201650964,0.366067019,0.579765427
0.631419674,0.661667777,0.024808623,0.635181759,0.956303921,0.583555333
0.370168518,0.31787407,0.086829815,0.601221616,0.33767162,0.649123801
0.160133708,0.546124769,0.243157559,0.665196264,0.317406283,0.401243782
0.455442095,0.152484856,0.074436069,0.451516139,0.458124948,0.519794608
0.327489163,0.524198843,0.020116366,0.421658276,0.57307992,0.655822367
0.260638704,0.157982013,0.021480513,0.88991205,0.074019175,0.40932427
0.150406193,0.333892626,0.250916461,0.20059889,0.059507909,0.413547765
0.338954404,0.710511992,0.238883309,0.303396589,0.664086506,0.379491232
0.405639118,0.492288497,0.134970874,0.296428966,0.094909165,0.006232778
0.605932605,0.589306506,0.240166632,0.156768152,0.136973079,0.660388658
0.681279409,0.431079412,0.117449316,0.894636949,0.506249168,0.517796572
0.180256162,0.282976002,0.21457756,0.531650303,0.406140423,0.921650036
0.380579635,0.144307833,0.155727935,0.792937528,0.209406393,-0.003771106
0.502023469,0.352358051,0.093048798,0.318370688,0.203303043,0.1296327
0.136426365,0.333698464,0.071882826,0.8926683,0.494613323,0.457203741
0.139059676,0.32394961,0.213719003,0.883083046,0.090298846,0.09118076
0.659887033,0.63392926,0.103371666,0.858023339,0.229693323,0.362677896
0.650177438,0.678695077,0.084502717,0.727377362,0.180487254,0.752591538
0.129561531,0.610859685,0.135542512,0.36106228,0.77253864,0.737504609
0.544979708,0.638979755,0.01154302,0.794367312,0.750811254,0.617243237
0.616417444,0.14411161,0.250899659,0.683111021,0.792862274,0.78220292
0.681691981,0.521670397,0.131023539,0.793878212,0.553918421,0.471594796
0.60477246,0.5232043,0.194512275,0.748275466,0.386108978,0.143744258
0.207212678,0.494918336,0.027534236,0.166213496,0.255758453,0.357047426
0.256786375,0.651406199,0.190985818,0.364554498,0.907465805,0.273580015
0.221934738,0.394691383,0.169466618,0.1001571,0.103889771,0.380741833
0.469567711,0.222817563,0.105363478,0.809707144,0.16836529,0.582116454
0.438954477,0.221571111,0.155846334,0.147199008,0.597762335,0.406849341
0.17842824,0.591695044,0.049989056,0.890125057,0.221934149,0.643390096
0.660467276,0.445187378,0.223679334,0.632501018,0.506122354,0.275322165
0.739584809,0.225166226,0.049735075,0.350466813,0.567641313,0.844801907
0.726421777,0.177686221,0.235542467,0.498791507,0.288383182,0.311800714
0.443272654,0.238671491,0.031090258,0.135144994,0.112348474,0.12081397
0.553338013,0.410938113,0.210752136,0.148622652,0.67487746,0.28998988
0.379177345,0.644473346,0.002555432,0.097247792,0.918077116,0.390548459
0.209016676,0.764986745,0.111583577,0.114903039,0.379073434,0.655564752
0.17918122,0.564953397,0.071356418,0.722069669,0.344282499,0.365463238
0.306484382,0.745615917,0.208916674,0.861046779,0.276543788,0.144314538
0.190978121,0.606962494,0.024820767,0.464110375,0.333674097,0.742544084
0.180347914,0.591073451,0.024356407,0.175037141,0.921822601,0.045142036
0.640671681,0.415819502,0.178764021,0.225136479,0.309089915,0.745826277
0.349349423,0.706865724,0.134227224,0.896605523,0.359357371,0.546388322
0.472097671,0.253910323,0.009981022,0.34175001,0.348371251,0.342819811
0.272405188,0.126489737,0.126346318,0.85786292,0.56273538,0.019951097
0.562281441,0.665130861,0.031278168,0.34004732,0.333547648,0.264384232
0.215217151,0.149096867,0.027205211,0.13111045,0.912943204,0.306303958
0.509731974,0.698633317,0.0972211,0.27654692,0.372860771,0.223192955
0.13463611,0.766738579,0.219133129,0.828254663,0.898901337,0.351126979
0.729480143,0.730654005,0.203710232,0.57202778,0.830495306,0.078330779
0.519671731,0.434353824,0.035405202,0.462366037,0.690842163,0.325826908
0.167831742,0.727307969,0.168177367,0.771290766,0.914532982,0.123188241
0.428037095,0.372678555,0.030106459,0.323965014,0.990776694,0.197512851
0.690899841,0.219803405,0.005949708,0.824881328,0.240061536,0.329291063
0.730352999,0.161191748,0.064504446,0.166844466,0.961955631,0.339901343
0.663765274,0.328532193,0.080863051,0.228467442,0.346523893,0.72470799
0.307975483,0.645292432,0.197534211,0.788023913,0.093644122,0.918349977
0.322999206,0.559217522,0.088915228,0.206045919,0.042741358,0.196187152
0.739046683,0.538727053,0.149227406,0.440248596,0.668808725,0.428547805
0.407193232,0.778303243,0.082288782,0.707067025,0.078745829,0.828305931
0.579885195,0.797859176,0.116727205,0.455596235,0.318009215,0.873990393
0.31401105,0.671353808,0.149382513,0.288427756,0.945329938,0.044949614
0.76074051,0.342199399,0.180214108,0.645502045,0.182845225,0.900818312
0.472834355,0.114863674,0.203621203,0.286641913,0.63216816,0.252625614
0.126373945,0.75527438,0.060203043,0.137752984,0.178966433,0.702274509
0.525465026,0.539224835,0.110679081,0.473569619,0.249800142,0.496550641
0.735092352,0.300327267,0.090586886,0.746164499,0.551050243,0.51775259
0.671030705,0.659172413,0.178028639,0.192999435,0.179320922,0.874941365
0.45751334,0.465455586,0.115142,0.210278694,0.667956157,0.000157016
0.462392957,0.340011466,0.192018519,0.688177216,0.809953636,0.117410844
0.271316527,0.71202373,0.138932924,0.241211509,0.154619499,0.644584982
0.219197458,0.605593806,0.236531381,0.144920766,0.792426206,0.79869215
0.604765922,0.505767879,0.016977757,0.734925081,0.351368584,-0.001835348
0.64168055,0.106384798,0.11921966,0.405585497,0.272213543,0.726329892
0.573964789,0.450587671,0.116142415,0.373116797,0.968748922,0.293482719
0.684379179,0.269206636,0.213995966,0.550542589,0.693517889,0.01323075
0.635017887,0.146233425,0.225500743,0.538457613,0.477269577,0.706447184
0.63816947,0.40186135,0.0765711,0.76459448,0.646643251,0.585440472
0.341144393,0.380682981,0.086894656,0.833679251,0.018276073,0.452034261
0.377596741,0.769167341,0.235869106,0.528578245,0.063718036,0.867272854
0.391441468,0.681421605,0.109234638,0.577762928,0.63906399,0.029454187
0.168805762,0.751151898,0.206971236,0.10798439,0.270506104,0.63415554
0.712954271,0.641495523,0.080247324,0.738535367,0.772345937,0.748682751
0.304392978,0.608893531,0.220959601,0.853373512,0.469001671,0.291860654
0.354843697,0.738603949,0.211412309,0.592019729,0.403416674,0.482509143
0.509640214,0.627408968,0.034912653,0.484450273,0.742513294,0.543932312
0.73449906,0.753737228,0.223016227,0.220854853,0.237471982,0.736696422
0.373041316,0.61030227,0.238776404,0.532257875,0.051311834,0.172690534
0.672863127,0.61617554,0.018722826,0.228755295,0.205285023,0.589619289
0.199527787,0.758769228,0.026909811,0.094345216,0.487861597,0.909894196
0.205017743,0.200178557,0.131291038,0.664952724,0.116827048,0.200436697
0.700046695,0.190971996,0.218099153,0.589204186,0.598687159,0.696302453
0.774745345,0.715170736,0.231205492,0.535171819,0.816996623,0.737507581
0.160018342,0.583278651,0.008483154,0.267616523,0.464394445,0.363007704
0.734731228,0.503863892,0.197775904,0.714856124,0.725479144,0.832834466
0.430927938,0.211082747,0.047857007,0.346771114,0.933235597,0.090356887
0.715433019,0.226219909,0.226340478,0.160012501,0.330743495,0.438497256
0.772365524,0.24590055,0.193672926,0.213071572,0.146470511,0.644237144
0.211635989,0.239904429,0.18682913,0.168533061,0.122534308,0.462608186
0.776404491,0.704383975,0.184982284,0.728422032,0.076662004,0.876615158
0.753362141,0.114922462,0.041873546,0.244659403,0.392421964,0.568296437
0.598845491,0.563310742,0.011850141,0.868470235,0.585631413,0.901138208
0.440808407,0.773635718,0.214350666,0.739434242,0.313919966,0.75335576
0.440965121,0.515380436,0.128469745,0.258873323,0.125479379,0.655865588
0.190948089,0.265858184,0.005994003,0.766741862,0.865633083,0.569345037
0.337635361,0.671115176,0.222266298,0.336210864,0.630336318,0.547981445
0.543127623,0.165928856,0.177812264,0.630180592,0.596220588,0.097690306
0.453600398,0.388761976,0.103658617,0.278394857,0.273027407,0.195668065
0.624004146,0.650279305,0.226356229,0.804975874,0.441594353,0.377609332
0.336387839,0.640897888,0.195287092,0.104573408,0.929183297,0.605451857
0.242699606,0.737763594,0.023758026,0.342692558,0.190944801,0.106142313
0.742122384,0.3276943,0.053919272,0.144103721,0.107911484,0.881594968
0.450033577,0.451623634,0.161401292,0.355932001,0.881944467,0.629348623
0.775443225,0.242019785,0.219714228,0.334095483,0.886897765,0.373371114
0.327799649,0.713755248,0.09390018,0.452592688,0.969533219,0.145388267
0.739119207,0.360510018,0.000805941,0.633789625,0.387285938,0.356033486
0.36396365,0.730333037,0.128998106,0.737131779,0.304203235,0.823948438
0.46606543,0.61227703,0.070801207,0.122115893,0.495208362,0.116092432
0.681166563,0.595746439,0.002010466,0.093539345,0.268795616,0.305578726
0.52131943,0.465837459,0.021332728,0.768337147,0.328291842,0.862677781
0.597903347,0.173288617,0.01782537,0.119103516,0.206692511,0.373735212
0.419249059,0.29338619,0.228622484,0.437336297,0.098172793,0.83789188
0.141440032,0.600900771,0.046858995,0.254145948,0.21739977,1.36E-07
0.323879507,0.65971187,0.090612871,0.215067855,0.526154953,0.728368691
0.431903396,0.58703676,0.161594196,0.829485108,0.983340126,0.10206039
0.470132203,0.414960207,0.182185609,0.169663213,0.36008687,0.340998026
0.317445265,0.127010698,0.086204091,0.376450918,0.27685089,0.877512847
0.366124482,0.384530626,0.159734988,0.420789968,0.9898702,0.807984171
0.368854429,0.798637698,0.188835897,0.875230257,0.115494243,0.387361053
0.346016472,0.64386188,0.212974386,0.607752467,0.474414797,0.262546473
0.355294777,0.279207459,0.129218452,0.297680637,0.43976902,0.842393077
0.715104045,0.492793246,0.04592346,0.206670764,0.917602101,0.808404869
0.125858287,0.104046922,0.1662619,0.698065209,0.217239724,0.721049683
0.751248219,0.118538715,0.043567466,0.39817965,0.372176043,0.86227385
0.59683968,0.689255161,0.20631026,0.849926818,0.768790981,0.763281633
0.583441069,0.618846613,0.051070511,0.724273425,0.096782391,0.229457757
0.781299612,0.11215709,0.02092374,0.364862361,0.399749418,0.849569752
0.101230511,0.335159582,0.135225774,0.623042209,0.387533218,0.768109715
0.543904343,0.615341086,0.164836521,0.578067838,0.032715193,0.006108609
0.314926441,0.204961684,0.140506381,0.277936132,0.138661674,0.614245833
0.189823554,0.351613992,0.222409167,0.531540595,0.675633125,0.715608466
0.175920743,0.619511368,0.198901731,0.596593573,0.627673483,0.236625953
0.314307743,0.637714276,0.232810604,0.41336552,0.579790592,0.493606576
0.293235949,0.311934333,0.218309907,0.187002421,0.263702315,0.733611665
0.284394999,0.750433975,0.066618086,0.751483578,0.896838065,0.582163983
0.79778222,0.252019763,0.059962834,0.150718172,0.418609468,0.788048581
0.717958617,0.194737596,0.11803911,0.593472873,0.773722166,0.335314097
0.240254808,0.524770366,0.168298716,0.618586476,0.952404074,0.287731676
0.227510137,0.514668744,0.17353199,0.696754021,0.65951199,0.739849388
0.327503622,0.153591478,0.06027762,0.673694201,0.285929815,0.523252757
0.705800096,0.786197608,0.03827728,0.161893955,0.811721409,0.146305111
0.562707484,0.45742239,0.064071599,0.194851623,0.379344573,0.166653714
0.264254185,0.534863618,0.18117384,0.373553006,0.674856737,0.840924966
0.100842626,0.50343015,0.154793298,0.279617652,0.248383527,5.55E-05
0.477682699,0.104447132,0.131526542,0.383421456,0.247392815,0.892533402
0.25463845,0.16939861,0.176257305,0.771262076,0.548912577,0.73312719
0.28441298,0.393349317,0.082246766,0.191385826,0.077428957,0.878591985
0.200812543,0.473337284,0.18735881,0.617487523,0.783919361,0.693165257
0.370002063,0.201346902,0.168338146,0.623387358,0.814895329,0.007013884
0.707013796,0.257876423,0.190465592,0.162459248,0.43422941,0.280165354
0.627491052,0.106874924,0.160661111,0.651370897,0.700529812,0.680274085
0.68407332,0.452089248,0.027526117,0.90841479,0.569739093,0.587575425
0.676955341,0.520716575,0.071057063,0.685861285,0.654820503,0.490834916
0.194700538,0.220827716,0.164638307,0.272678859,0.328077026,0.794818102
0.377593723,0.481701438,0.000560123,0.287716625,0.426784067,0.028160733
0.515360968,0.327816509,0.055289549,0.313685094,0.085302562,0.137111933
0.320596912,0.36305021,0.179074977,0.277003949,0.064845462,0.317791631
0.155341888,0.437093377,0.210093417,0.197421777,0.77906917,0.177452297
0.344881702,0.320740949,0.089885755,0.845708021,0.094829383,0.016294442
0.687442513,0.285611018,0.242624935,0.833576671,0.696957826,0.456409982
0.650998379,0.410880376,0.191982473,0.211793782,0.282297387,0.915275442
0.151964911,0.296391894,0.01059884,0.680564173,0.466772568,0.819919526
0.24093345,0.230433426,0.144768217,0.660390429,0.646744488,0.5083604
0.30229883,0.175088384,0.103480589,0.143778274,0.298818035,0.142874081
0.28897197,0.492504801,0.0330837,0.220014053,0.31956717,0.55507493
0.779019304,0.462842605,0.208523299,0.590027121,0.115261299,0.312924202
0.22024736,0.477375503,0.115816285,0.533763307,0.592346975,0.721991586
0.755431487,0.309364552,0.178356719,0.375111846,0.095241165,0.508078607
0.626531791,0.288159239,0.22976949,0.098162366,0.631436902,0.384501434
0.794956988,0.789088777,0.124865114,0.403694335,0.032659136,0.467414165
0.207853433,0.642271071,0.241959444,0.740738447,0.39991607,0.553758272
0.225300529,0.59787211,0.092341687,0.653669856,0.509880042,0.829015178
0.104923903,0.159130129,0.173633427,0.534328181,0.084793625,0.698580959
0.763669697,0.442067969,0.175540931,0.11162458,0.611578855,0.114876978
0.606024331,0.593156801,0.032170453,0.377523327,0.882708047,0.52925318
0.169144127,0.360947213,0.117572501,0.868426596,0.3817856,0.516528029
0.785347911,0.682772391,0.138354585,0.258440947,0.844306438,0.835302085
0.527844722,0.754799966,0.047822777,0.394229706,0.946355743,0.321315635
0.595962084,0.411265995,0.138481538,0.32814701,0.077635086,0.257531785
0.391613758,0.104172758,0.219157014,0.867597187,0.258635732,0.45739446
0.581491402,0.163087823,0.046629117,0.104335538,0.913268584,0.406763042
0.581752164,0.4368788,0.028184063,0.122690155,0.317291774,0.174220138
0.472555706,0.385202075,0.231640748,0.790478802,0.676976627,0.864949146
0.607107817,0.598270718,0.077059172,0.585763795,0.547933286,0.820520032
0.228850236,0.269626098,0.179640624,0.838068353,0.634147641,0.301181481
0.148796689,0.450848386,0.211139357,0.102577419,0.827206986,0.923848741
0.273626708,0.525067369,0.0993924,0.761026764,0.318140472,0.928970943
0.442515243,0.434734018,0.162315593,0.337455859,0.049758858,0.175735966
0.656962218,0.548058828,0.182974852,0.495918857,0.166612141,0.405529988
0.245255923,0.145056588,0.071897017,0.885917615,0.374436105,0.277410146
0.2448279,0.579580476,0.089629519,0.497968015,0.274815823,0.504730504
0.25668246,0.378232161,0.041733622,0.426471611,0.444354046,0.050392718
0.172660148,0.113248018,0.208400992,0.673978004,0.738084878,0.089606956
0.523360699,0.603196339,0.013584818,0.154286,0.451010416,0.091079812
0.29176664,0.417921532,0.031952472,0.428294342,0.257840673,0.092829477
0.193551209,0.622248542,0.245172856,0.26924628,0.081934477,0.205170106
0.642221524,0.416378143,0.084497644,0.560954514,0.965106158,0.184364924
0.215448083,0.141366739,0.171499854,0.300457635,0.136056305,0.451024548
0.693956241,0.206564453,0.00055702,0.44190289,0.586592331,0.244062544
0.66441514,0.195620622,0.183689345,0.169162479,0.049913245,0.368736623
0.426424897,0.791343482,0.138314677,0.48242302,0.563035076,0.068629161
0.272505639,0.597126613,0.193053901,0.124048063,0.962747343,0.403290257
0.624886244,0.689086061,0.16637054,0.423413137,0.895313544,0.07236634
0.339811097,0.54902931,0.148241838,0.528574793,0.248101561,0.508066682
0.116343329,0.142248917,0.159064406,0.445165595,0.582166409,0.056175224
0.126384659,0.361912407,0.085614626,0.664010219,0.578860775,0.694226945
0.32577321,0.429081591,0.119302073,0.313936893,0.079243594,0.006368034
0.215025254,0.481804528,0.242257227,0.304463378,0.550673314,0.768744261
0.220529834,0.436335218,0.176619035,0.72809801,0.024782211,0.7742605
0.602320053,0.656988078,0.188312062,0.269339394,0.465036246,0.49751459
0.457817716,0.233615342,0.046089913,0.524549315,0.201103541,0.893858241
0.583854649,0.549256037,0.163238804,0.732133859,0.780039129,0.293776143
0.489434726,0.675095129,0.232315557,0.694984715,0.094357156,0.749032024
0.538577288,0.120824362,0.140977888,0.235304638,0.975018315,0.400877326
0.286375524,0.245850357,0.131405078,0.568214909,0.378993337,0.265740572
0.624266521,0.228579283,0.24820124,0.374817883,0.573524046,0.201507368
0.378232397,0.552528695,0.128383346,0.258243043,0.237961752,0.225187419
0.64002577,0.339238227,0.093517087,0.860187736,0.657135592,0.099457939
0.561892047,0.349130362,0.193994804,0.570597185,0.642346399,0.161081094
0.541413052,0.132716856,0.243096301,0.552137279,0.916349584,0.377941523
0.226443506,0.190197334,0.20320697,0.83816823,0.441399578,0.396001087
0.121833677,0.514305985,0.100449541,0.756940282,0.159707368,0.860760705
0.619303921,0.404083519,0.159389195,0.095819315,0.115031627,0.250371043
0.24786482,0.75219175,0.108068322,0.721349929,0.83244341,0.709806972
0.793502389,0.282837697,0.186693526,0.316484906,0.177465196,0.883326009
0.79701764,0.61011251,0.124836099,0.835492494,0.130624884,0.109524095
0.698673148,0.290053925,0.151013727,0.794091561,0.333310945,0.019790888
0.452191979,0.332611149,0.175702497,0.366545186,0.157693261,0.757589738
0.610804702,0.658333353,0.141811991,0.214130396,0.746508512,0.601149328
0.626517676,0.418557205,0.060476207,0.453532975,0.259346422,0.837323076
0.408920627,0.312209247,0.005743846,0.441195549,0.710040159,0.648618455
0.4674707,0.668957048,0.083680907,0.268698706,0.907424702,0.407232918
0.762407865,0.27734986,0.121777909,0.348102966,0.200637593,0.455908126
0.46556642,0.577409711,0.174564497,0.37021906,0.745402138,0.821949037
0.690369917,0.269570994,0.008706287,0.8696712,0.08450807,0.167275256
0.185246857,0.455040101,0.177223042,0.344684332,0.839440022,0.731616846
0.210207396,0.138333052,0.067643813,0.16068507,0.610098089,0.899064405
0.635127921,0.451605817,0.066267574,0.541950048,0.726751203,0.359108162
0.187127491,0.42300776,0.220008432,0.806764517,0.806029966,0.400146692
0.209992541,0.588551552,0.180329913,0.535812475,0.84761137,0.022091154
0.399454077,0.259948777,0.170433796,0.204580893,0.955577484,0.121637696
0.43912636,0.420234181,0.041245902,0.714749952,0.619507161,0.765069569
0.439837319,0.770779727,0.241968423,0.11355178,0.061928001,0.873944756
0.705894404,0.210667943,0.036265876,0.760595348,0.762858549,0.871504373
0.179468499,0.37983126,0.051126843,0.34747158,0.158493691,0.78955836
0.721406511,0.24273075,0.033296736,0.508666179,0.142910429,0.063665651
0.139327698,0.117222739,0.241333764,0.184164096,0.610148694,0.284976185
0.430869541,0.35182128,0.164733855,0.666276077,0.408519005,0.023463502
0.772120951,0.700243488,0.224541415,0.748748996,0.950694576,0.476185662
0.709612615,0.20914483,0.116884745,0.720116803,0.243815652,0.839053824
0.640413875,0.652994975,0.108267642,0.749421507,0.516388684,0.348970687
0.232678267,0.318554721,0.058545705,0.19738267,0.519046152,0.599288725
0.482417739,0.240712036,0.200523931,0.435858023,0.378939013,0.423901143
0.764727506,0.395319135,0.211426832,0.173330243,0.578500981,0.465783363
0.777991542,0.598676476,0.167807019,0.410756897,0.796389005,0.04965821
0.77751847,0.350005805,0.102089804,0.362867942,0.799860438,0.64896617
0.44663645,0.349138255,0.079941663,0.543886381,0.916883791,0.460853618
0.631439189,0.68311969,0.160109387,0.094416431,0.958211802,0.801299687
0.733758126,0.79677351,0.201082052,0.53434344,0.371249362,0.400566352
0.553384912,0.326994759,0.224512476,0.365453568,0.615980434,0.551183762
0.786644748,0.326955486,0.134814235,0.550279866,0.780925823,0.007259656
0.594806295,0.144850702,0.209990748,0.550284367,0.878180664,0.549268471
0.466792818,0.22384573,0.099797667,0.579752875,0.137804326,0.470120337
0.351457998,0.349499304,0.173735422,0.491904346,0.123785594,0.00958616
0.222107943,0.607675568,0.133076687,0.1800473,0.265431526,0.839330956
0.265021353,0.378728182,0.064321454,0.898268017,0.842146197,0.097989961
0.592292957,0.799293348,0.080670031,0.157717168,0.226954224,0.08781674
0.612716196,0.337684005,0.051411275,0.625869651,0.698480756,0.073336087
0.270164147,0.536845267,0.088550265,0.398051221,0.712913032,0.759294057
0.684709587,0.121334591,0.067670962,0.697057641,0.869184909,0.278063724
0.343394724,0.578394155,0.248383584,0.637153814,0.603823496,0.142738763
0.696177945,0.127722516,0.177401718,0.848882012,0.599731115,0.221239294
0.340349375,0.593330386,0.215312317,0.465517189,0.566769084,0.575810328
0.543240825,0.451884818,0.14029131,0.377874982,0.600554498,0.521947946
0.535322551,0.675024263,0.191002571,0.803608198,0.138988517,0.222528946
0.7378237,0.696626499,0.166655404,0.670072213,0.586964011,0.158503315
0.769871173,0.187111376,0.209144663,0.696262623,0.705148578,0.078985658
0.571032234,0.305895088,0.183124049,0.534258189,0.434012133,0.326557812
0.285093723,0.716162711,0.179158486,0.113930026,0.9051462,0.657209811
0.65833683,0.789538693,0.071559625,0.858953055,0.42373187,0.782326115
0.376063002,0.696620673,0.101147045,0.131531581,0.424230121,0.887287145
0.648700323,0.466713594,0.020331803,0.182441035,0.93799232,0.717637365
0.318034701,0.375898268,0.198799665,0.217695365,0.978119753,0.441188065
0.428374763,0.730414755,0.061863263,0.327544864,0.558243375,0.260847251
0.490918602,0.798629043,0.100682754,0.747333455,0.634571353,0.169544805
0.7708724,0.445542935,0.049115082,0.314745496,0.919770296,0.298755298
0.666903092,0.782536015,0.1968256,0.740705544,0.168286758,0.46274752
0.318149712,0.769626271,0.204541817,0.192958688,0.22091828,0.189023072
0.418445764,0.670495945,0.120346554,0.426737975,0.576958974,0.425887249
0.298794277,0.793254866,0.046478846,0.239129252,0.568185932,0.402590812
0.290136465,0.484001897,0.142453629,0.60984769,0.50069258,0.497631496
0.480306475,0.588101067,0.162653432,0.154204789,0.764342076,0.495348381
0.342254059,0.404443855,0.037777123,0.630488096,0.406571359,0.252677084
0.764376249,0.68013514,0.039153251,0.892758971,0.277958495,0.755953022
0.447612377,0.169432878,0.012179927,0.091191318,0.882697384,0.765401675
0.37922663,0.189769574,0.16016619,0.199367616,0.401790638,0.171660752
0.629231744,0.262242162,0.039412588,0.543990641,0.449042265,0.355373074
0.770556538,0.24449743,0.144734203,0.497265187,0.775825878,0.516585607
0.152898971,0.277020353,0.112895661,0.252238505,0.21144491,0.397840568
0.402081356,0.698596998,0.06424187,0.678654288,0.964552458,0.113911903
0.47613658,0.171713788,0.084350906,0.494996381,0.917116528,0.060308465
0.169813113,0.251258456,0.225929423,0.402129056,0.443598177,0.019933591
0.503306097,0.492948764,0.108214867,0.611156144,0.341245449,0.05282426
0.433429446,0.645412616,0.132503419,0.09340843,0.228384255,0.666374721
0.317637166,0.42335978,0.091965858,0.465760137,0.407595027,0.23832595
0.214090756,0.4546224,0.060870147,0.342861826,0.970097456,0.140686416
0.237851398,0.148897666,0.04283771,0.789826941,0.266543243,0.529906055
0.435226604,0.241564239,0.196489962,0.801988293,0.282572381,0.906048072
0.146052695,0.24213738,0.003593294,0.160979372,0.952367206,0.695154837
0.430175262,0.239103237,0.136983547,0.663972821,0.508780465,0.153788056
0.689050508,0.788875608,0.019766707,0.188174409,0.372728265,0.598746174
0.62951083,0.476750083,0.184710513,0.569974297,0.624538365,0.432706965
0.579132596,0.526671694,0.021825445,0.266352683,0.589092798,0.698301166
0.590929619,0.292865177,0.14146179,0.899015374,0.438718791,0.928612035
0.568612687,0.269769766,0.080282305,0.626774881,0.965367258,0.513542534
0.698864185,0.731158243,0.235587718,0.596971426,0.440212709,0.60238538
0.13311096,0.4771117,0.051682532,0.463652721,0.746417805,0.227969872
0.646121308,0.132087959,0.114837645,0.897566332,0.678826272,0.680130892
0.107013283,0.756674982,0.156661171,0.670356465,0.741434189,0.452616287
0.312366535,0.134879333,0.224936008,0.565225708,0.757163445,0.20095055
0.782489574,0.606300901,0.117105498,0.587267107,0.443283886,0.722026821
0.143530458,0.414178417,0.230455603,0.602641429,0.794446245,0.858709357
0.150811749,0.515778505,0.093059222,0.482367383,0.498974579,0.295217306
0.184241618,0.702779345,0.111861815,0.444799426,0.740390599,0.000174303
0.705665082,0.313745613,0.13144041,0.699835867,0.728675902,0.531170147
0.495324444,0.218857178,0.070953344,0.551368429,0.849467823,0.310000746
0.469227485,0.109085073,0.219102176,0.382287948,0.677945211,0.334340133
0.636519527,0.329847495,0.06381687,0.683671882,0.709031818,0.358642615
0.523643009,0.287951087,0.133915507,0.276400667,0.446429278,0.262146885
0.790344943,0.725353461,0.186018333,0.300118114,0.392628625,0.710731392
0.724881587,0.110948686,0.190440619,0.22918666,0.971684983,0.620478221
0.1219235,0.576696731,0.138587256,0.329335624,0.519007186,0.404779967
0.288080158,0.741075108,0.250055384,0.334694739,0.282287901,0.211632808
0.50993784,0.110544754,0.088427314,0.179363719,0.345260023,0.815248612
0.118044554,0.411785383,0.084008349,0.094100105,0.738604544,0.242077524
0.192940607,0.370557598,0.055472153,0.120564282,0.495656221,0.034286174
0.280833437,0.784550382,0.030599592,0.886276354,0.826363269,0.930954016
0.139390113,0.159702772,0.2311475,0.161606949,0.410658419,0.307222636
0.680370974,0.678320411,0.114174921,0.627083286,0.357705548,0.469146906
0.615987506,0.394348101,0.17210847,0.864381295,0.288295041,0.181289206
0.725144666,0.774613127,0.191618284,0.258026487,0.485468279,0.273727286
0.673346163,0.358391523,0.220610267,0.873974473,0.259490417,0.807081973
0.186834083,0.459940939,0.083331886,0.274550667,0.374443596,0.184085183
0.744948479,0.1197045,0.183934197,0.752730305,0.152242822,0.000912203
0.442644908,0.502477378,0.018077854,0.291092621,0.417607083,0.688622382
0.565180428,0.427926743,0.059315005,0.875175881,0.157106992,0.540794464
0.34246151,0.248346249,0.196019926,0.130309818,0.785112418,0.314466527
0.371004524,0.241536653,0.009917982,0.243452501,0.432594686,0.790643143
0.191127892,0.434778811,0.154216448,0.858136524,0.38951036,0.05879352
0.495923678,0.395862116,0.131563327,0.345298362,0.036365611,0.47156659
0.449831247,0.312766216,0.226721273,0.400026463,0.811184477,0.303379437
0.646761305,0.77499135,0.064003765,0.840122823,0.698169306,0.135348095
0.667714557,0.298314416,0.192988367,0.212176749,0.969662588,0.252024951
0.628266025,0.750778667,0.142252998,0.196976757,0.60218168,0.012036615
0.754641757,0.243085847,0.166389888,0.492045248,0.246008951,0.263901487
0.571564864,0.331841965,0.150037064,0.285929014,0.350192713,0.269662145
0.734914958,0.173084998,0.209341982,0.099448794,0.243853195,0.655024737
0.716206179,0.479321715,0.201113212,0.324114398,0.838341104,0.712680242
0.396224976,0.221086231,0.185445602,0.739055691,0.65846696,0.261001845
0.720182744,0.55980188,0.058344132,0.264504371,0.668402467,0.011019942
0.564530751,0.609798883,0.147623543,0.728373903,0.161972198,0.069787181
0.464328712,0.630694102,0.170905042,0.323131779,0.809730148,0.555895215
0.497244281,0.642326401,0.238087858,0.372334802,0.302769852,0.867555955
0.185360512,0.795958266,0.073115772,0.157816697,0.661133206,0.251421372
0.727470388,0.261639631,0.156543665,0.898802899,0.733551985,0.07842781
0.458685581,0.473382535,0.125301382,0.616553794,0.055822038,0.514284296
0.221223071,0.159069767,0.088287692,0.449681081,0.175196913,0.925761945
0.286768703,0.752309069,0.128255723,0.780016799,0.392209387,0.345713776
0.143457301,0.235734611,0.149398559,0.141032586,0.35678279,0.915260478
0.788687946,0.295746235,0.015184809,0.275096584,0.532540637,0.178851293
0.279602743,0.523420038,0.136232899,0.167225945,0.397398821,0.449321748
0.286708762,0.455004489,0.155238435,0.540172497,0.842200002,0.769291116
0.101619425,0.387905864,0.027423269,0.695748967,0.754163318,-0.00518301
0.494336955,0.751791851,0.219843036,0.828147242,0.986943704,0.387270153
0.550039944,0.273204113,0.137661793,0.711580139,0.034627248,0.798102553
0.381075296,0.404820273,0.013839142,0.3765008,0.75794407,0.336029454
0.561619517,0.199052674,0.049523754,0.627728312,0.181129156,0.126499165
0.571044393,0.14531206,0.044923346,0.715530988,0.129293094,0.153014176
0.543024939,0.232067182,0.138183877,0.795444957,0.376671961,0.388082507
0.230519187,0.658614972,0.151959538,0.172616216,0.84591968,0.716564624
0.541098075,0.759965598,0.135109966,0.310853427,0.854573798,0.785369273
0.764741963,0.287819369,0.065096503,0.795046153,0.568974152,0.318039163
0.153564106,0.517989555,0.121011138,0.562086522,0.027225913,0.30045071
0.680298365,0.682037046,0.04426004,0.189068456,0.870533367,0.81118943
0.69749596,0.791174854,0.127546524,0.409694374,0.13063053,0.488419651
0.789939705,0.244819914,0.023805259,0.674370592,0.641789859,0.300245209
0.374664996,0.765277692,0.191035253,0.508369043,0.410623341,0.082002396
0.357054453,0.12122778,0.210725682,0.765674128,0.251195792,0.838239506
0.515740122,0.300229743,0.05436543,0.411227616,0.656959584,0.142161618
0.595655142,0.737492284,0.076101917,0.831905038,0.617302464,0.321529485
0.292438214,0.195476542,0.111124725,0.09601852,0.97863474,0.319859536
0.764903521,0.32959199,0.127945964,0.277170631,0.768324056,0.057556917
0.530488197,0.275387089,0.012293632,0.230658233,0.181865757,0.23690823
0.727790922,0.608614044,0.185762392,0.571749904,0.811835179,0.481209229
0.39956195,0.518215747,0.245298985,0.14973697,0.812512348,0.355353011
0.36688172,0.767823607,0.045455956,0.63306444,0.088785124,0.288067494
0.631354549,0.330825624,0.172772317,0.288272247,0.953100641,0.751650662
0.368897364,0.27808405,0.118428547,0.595046123,0.194199457,0.912749391
0.253858319,0.40090522,0.121795445,0.300561002,0.471121068,-0.001562591
0.495493658,0.426392444,0.091368035,0.84204676,0.870916111,0.736766447
0.121407568,0.451609137,0.099446054,0.591171538,0.860120026,0.142145426
0.274495959,0.172749739,0.128398863,0.764079278,0.577724468,0.589545563
0.77784507,0.550265828,0.155523279,0.451678497,0.354755817,0.40373069
0.394582811,0.181457832,0.16929996,0.706278901,0.806567604,0.447973548
0.340593205,0.262382359,0.070238107,0.61815303,0.413058933,0.474011957
0.715446521,0.388978718,0.025782679,0.597092374,0.402395878,0.703012091
0.421587259,0.221473746,0.190241756,0.42519471,0.446638457,0.274533202
0.197111885,0.17796837,0.13621931,0.386838111,0.888394245,0.598183987
0.421437956,0.47812453,0.158094486,0.684820136,0.244065696,0.818063126
0.716296255,0.700352258,0.237547671,0.639976637,0.457046333,0.045344097
0.262536167,0.324325397,0.069735331,0.695266161,0.504094111,0.474647238
0.585327143,0.632692989,0.026408626,0.395745634,0.63834274,0.873753701
0.16220195,0.304089853,0.067392264,0.69343935,0.192501896,0.814650349
0.695749482,0.749653956,0.080158398,0.648666544,0.926049694,0.705243449
0.312885442,0.577486069,0.062310441,0.380168585,0.308034478,0.638195855
0.558451,0.783034917,0.214503062,0.462042126,0.902861042,0.074150759
0.118488483,0.497901621,0.138552135,0.178521094,0.085838006,0.752925718
0.373412991,0.121049095,0.169878621,0.76736978,0.577658865,0.789510604
0.762670201,0.623640294,0.191664005,0.244254548,0.306539168,0.771970555
0.62847868,0.715548222,0.192829336,0.470363356,0.438319908,0.918671711
0.359210978,0.565054621,0.105319466,0.766713549,0.852839212,0.641272352
0.662928418,0.341394088,0.029070259,0.138687208,0.049465124,0.667854167
0.471438071,0.252736327,0.004749664,0.584457375,0.645321575,0.749371246
0.585012178,0.682995751,0.153781366,0.533116721,0.229466638,0.137424798
0.439830549,0.482852825,0.208846084,0.337703843,0.522904253,0.895172955
0.432649585,0.275409489,0.063219944,0.645321918,0.585567747,0.126202229
0.767397642,0.121162865,0.241559465,0.788838133,0.216060729,0.210272756
0.700433735,0.416089431,0.170063012,0.524039341,0.562929281,0.400332163
0.385861273,0.244014968,0.044708682,0.82188385,0.47502609,0.751966436
0.133459175,0.454327062,0.235687305,0.79061539,0.871547747,0.895321048
0.482955116,0.353198155,0.025796403,0.304847767,0.783076348,0.600791838
0.234561661,0.282643179,0.117727527,0.282583968,0.649052048,0.710408265
0.121868773,0.352942731,0.016001726,0.861639606,0.312908725,0.014718464
0.126456439,0.387168957,0.039037979,0.892651691,0.572431331,0.332992035
0.584154853,0.257690082,0.036606149,0.367393038,0.503825235,0.543281291
0.667789648,0.273822794,0.224359117,0.493453441,0.631979772,0.492806619
0.52785931,0.15645073,0.066356458,0.669478451,0.175924451,0.579182716
0.429059444,0.439540466,0.02232327,0.872230906,0.559777132,0.873382382
0.352602855,0.42928359,0.008951769,0.41816138,0.731858005,0.245315562
0.582910857,0.330205032,0.032559846,0.818511033,0.593692057,0.351384713
0.411762942,0.738211004,0.059144432,0.674929005,0.321422047,0.909135797
0.676587565,0.128432508,0.046211342,0.71594866,0.277022549,0.46084736
0.241193145,0.230184578,0.049584474,0.51817024,0.275621731,0.01815144
0.302843032,0.535331413,0.192934895,0.449456497,0.666471986,0.023179286
0.216751231,0.367090208,0.189806928,0.671020785,0.129640588,0.6003372
0.27681032,0.582675376,0.200675074,0.829549521,0.146552251,0.166568972
0.292559785,0.621877845,0.171612311,0.877685837,0.971471771,0.012257137
0.727721997,0.550356264,0.204025118,0.409541424,0.7374438,0.495477725
0.209499278,0.66783302,0.201740852,0.898621156,0.094876858,0.880729393
0.209699346,0.768492337,0.134987231,0.626810132,0.073253317,0.122401374
0.731047953,0.174953097,0.144435168,0.860136279,0.018958303,0.434869109
0.258221933,0.729160981,0.140096343,0.173849881,0.679504368,0.39254061
0.281798948,0.574171765,0.105685923,0.833840876,0.055632344,0.923923294
0.698029457,0.513961504,0.10936838,0.266189052,0.075677234,0.537786296
0.489080539,0.49617809,0.201937785,0.508756566,0.674801391,0.621311744
0.438933029,0.569333487,0.207002766,0.457733197,0.441552763,0.029740627
0.4213831,0.683201516,0.248774199,0.642188883,0.414485428,0.738857585
0.511188978,0.25402357,0.030281495,0.592672575,0.996585181,0.620915441
0.770562064,0.747704052,0.174001055,0.502629484,0.996602428,0.301678197
0.124290359,0.425629659,0.241528568,0.37751818,0.36105043,0.30324189
0.542758678,0.134711041,0.067443689,0.641197423,0.607762273,0.251076823
0.447187662,0.21854399,0.13470737,0.250451033,0.248765249,0.907368964
0.383314481,0.391367084,0.017051215,0.819236086,0.246458439,0.304390102
0.553826896,0.234078227,0.186323282,0.28258013,0.197829743,0.299503853
0.423782716,0.334731699,0.06720383,0.539808444,0.575789298,0.046201019
0.74764744,0.792235748,0.184260061,0.717232047,0.351368073,0.279989063
0.492190129,0.733556753,0.028920049,0.359875737,0.7972369,0.587238195
0.26182672,0.663258131,0.171641215,0.26519477,0.418209659,0.724112101
0.660419974,0.35682158,0.165144343,0.286480148,0.59400254,0.147163808
0.110702801,0.543597215,0.080863287,0.393657656,0.509294983,0.157321436
0.183788702,0.378894608,0.202486014,0.842369137,0.617609489,0.776442339
0.57709909,0.422260878,0.229189557,0.900025976,0.268013682,0.145515578
0.560218095,0.418216155,0.150036769,0.104637678,0.521395654,0.003379365
0.110391712,0.391325192,0.244245106,0.123055657,0.479189528,0.791978129
0.553088156,0.293316233,0.155993266,0.708133269,0.593119502,0.204154321
0.430609492,0.274469249,0.201916058,0.16624262,0.809026676,0.381964523
0.595029235,0.201599418,0.220440736,0.438896168,0.419236168,0.680545323
0.795613194,0.763863044,0.223589476,0.635936483,0.63782929,0.459516837
0.431425012,0.356106305,0.182329508,0.164491572,0.701316097,0.542557352
0.171275258,0.301208772,0.092088202,0.892679517,0.52891769,0.330904194
0.328570212,0.203701843,0.07020749,0.83770641,0.393174017,0.722638781
0.460406642,0.140915794,0.143470494,0.844434648,0.144272982,0.054276094
0.448801822,0.239813877,0.244814236,0.172834282,0.071254564,0.079004999
0.74053138,0.469126139,0.000189636,0.868679526,0.573458765,0.12184805
0.445560552,0.363817998,0.134215191,0.3419247,0.066472538,0.729138189
0.386902921,0.616918086,0.093732501,0.461914459,0.487708338,0.165021674
0.501739914,0.223129248,0.135050234,0.155492121,0.803575217,0.089948409
0.330077558,0.675167826,0.00242542,0.106538569,0.543046138,0.278522371
0.117235093,0.551676521,0.038147276,0.884707181,0.280709194,0.4979388
0.495028584,0.511571521,0.098090047,0.096434149,0.813470369,-0.001291801
0.16398635,0.323359265,0.079272039,0.232979894,0.765512714,0.478684485
0.799693877,0.580628631,0.188773354,0.095201461,0.833313,0.873554793
0.540166141,0.116237384,0.090691652,0.278888618,0.609686292,0.110198428
0.527180964,0.346712181,0.185388625,0.475697629,0.543446535,0.068919265
0.351542058,0.358590482,0.02766451,0.305730257,0.667729743,0.929918978
0.642725082,0.358839452,0.149948395,0.792732212,0.493933679,0.365591495
0.184417266,0.461856132,0.035861697,0.696065075,0.952836432,0.830401286
0.778864719,0.796828447,0.113413589,0.402690854,0.2107707,0.416209291
0.337872116,0.268677603,0.125332224,0.270658156,0.114166591,0.888287857
0.639122556,0.361108097,0.04945332,0.771816843,0.860569652,0.533042582
0.763334951,0.547496543,0.154961268,0.242430077,0.192191326,0.548591976
0.304806062,0.107646143,0.06012811,0.270732406,0.111262074,0.905429047
0.634214697,0.14355322,0.108327679,0.448506004,0.834429893,0.251111483
0.438286116,0.381541619,0.248381725,0.284367494,0.448096768,0.039805214
0.349849487,0.708616298,0.207811427,0.448334256,0.646961098,0.617399697
0.779227266,0.512671371,0.111080066,0.386230602,0.847144826,0.634727772
0.493746251,0.253311919,0.175365099,0.60571265,0.991821885,0.395833982
0.450161165,0.183078085,0.189497217,0.304741637,0.089572345,0.725488015
0.325877208,0.202502286,0.0322743,0.533718884,0.542574795,0.547896823
0.668658993,0.29953765,0.170951899,0.811896234,0.981471195,0.202749032
0.309549059,0.205514113,0.165161208,0.63157759,0.718781198,0.018516954
0.659865608,0.584850786,0.108861995,0.685711439,0.43403395,-0.002665286
0.395947176,0.747324609,0.2061236,0.466554482,0.528078342,0.072554219
0.512567082,0.575785006,0.004655928,0.165879828,0.227097669,0.046407186
0.624024742,0.648127849,0.028196457,0.300679,0.835994106,0.676791592
0.180092155,0.472370547,0.153242315,0.737195919,0.453937193,0.438138139
0.572319598,0.33121813,0.055949477,0.270163168,0.930463665,0.587489801
0.254791229,0.202337419,0.083463325,0.62639941,0.423761388,0.191574127
0.279126428,0.567196182,0.046373138,0.179030147,0.060543148,0.634049038
0.766497147,0.726573706,0.184236905,0.63526786,0.66559638,0.24568471
0.458205552,0.634412194,0.07989784,0.443879247,0.553861786,0.028834104
0.302807408,0.199599505,0.027563773,0.385980835,0.205333247,0.180477427
0.451105839,0.423676987,0.06211455,0.380624817,0.897746435,0.2696842
0.348769213,0.600949574,0.058067291,0.236816965,0.791495085,0.720396331
0.170909605,0.73840234,0.077188003,0.137459345,0.867732316,0.122697177
0.153207366,0.593035003,0.15684645,0.381271752,0.670069818,0.574464091
0.62747395,0.499107612,0.187395974,0.418292598,0.825670985,0.026995822
0.464972998,0.45092307,0.007669993,0.728655041,0.759399593,0.279506731
0.224270254,0.447971395,0.194109857,0.639497321,0.121988811,0.364804972
0.355924755,0.180104645,0.177957874,0.904086925,0.272947004,0.417648313
0.748492688,0.507618721,0.098223643,0.710257647,0.867463904,0.007300839
0.617981381,0.450884445,0.21137974,0.655138811,0.199911218,0.070830004
0.729425335,0.32054423,0.120881831,0.873501664,0.387634497,0.34293155
0.301515707,0.282874863,0.170956154,0.369531697,0.740201441,0.893252472
0.792059936,0.62970298,0.126731769,0.855097353,0.216433611,0.342734878
0.130910688,0.777204543,0.230337984,0.310199076,0.861698988,0.366598573
0.171190957,0.603485584,0.172099034,0.339779977,0.954989043,0.160528925
0.190013305,0.684305762,0.023427981,0.859636659,0.408735385,0.614031227
0.602984214,0.420605683,0.187163447,0.858386063,0.27851818,0.446124626
0.486146423,0.12248427,0.231713377,0.537836255,0.44088148,0.731884924
0.409224092,0.54476917,0.172934022,0.793128144,0.633754585,0.056031961
0.287336933,0.556806681,0.211910014,0.629762804,0.26739129,0.600524885
0.372681873,0.661593053,0.028872542,0.511994688,0.787166893,0.432564173
0.54852077,0.418858125,0.202150534,0.464849176,0.787016279,0.013013866
0.596550226,0.730953372,0.159088254,0.777286025,0.859885538,0.118327854
0.50486515,0.386141219,0.095712348,0.796711822,0.904092921,0.9237347
0.358924535,0.253793592,0.205953588,0.325596961,0.576689839,0.118392585
0.176003495,0.481420287,0.044355974,0.298488611,0.355020955,0.588962733
0.46120073,0.214739376,0.153536311,0.899253262,0.401723544,0.457249527
0.299674103,0.319751856,0.057092684,0.617442194,0.612011039,0.359584311
0.359180402,0.235629121,0.247139365,0.625118896,0.486581029,0.19503609
0.77424081,0.703541464,0.162025046,0.751812192,0.641324681,0.373614351
0.484465807,0.174537818,0.201366546,0.345480421,0.77257707,0.517293221
0.21883377,0.241431612,0.104425964,0.420423667,0.433563497,0.331576964
0.7962981,0.50271723,0.207879416,0.849277315,0.079305767,0.610423682
0.540558769,0.476708871,0.019661632,0.493232987,0.372005551,0.252064512
0.625999505,0.335677033,0.025999581,0.126709674,0.189478188,0.777798163
0.20063939,0.498182786,0.232017018,0.362273921,0.14251256,0.693530406
0.235822848,0.794404606,0.144818762,0.67788413,0.252206786,0.782076472
0.725362991,0.442040702,0.185874058,0.418244126,0.584009302,0.38398134
0.791929552,0.260345197,0.247041125,0.387697082,0.150778756,0.779297546
0.230059394,0.176281451,0.051816685,0.438518633,0.962918652,0.063099067
0.728088203,0.233955282,0.129575373,0.601604559,0.548401832,0.595772829
0.22173188,0.642403001,0.045675897,0.379486547,0.305191188,0.392057371
0.63007082,0.57086307,0.106833081,0.22849437,0.418594437,0.763495664
0.359333416,0.36297202,0.242882811,0.390690452,0.207053298,0.648448247
0.216774073,0.641214361,0.22816911,0.139312606,0.460949642,0.297137309
0.123678836,0.532063183,0.079082579,0.728839755,0.500243641,0.747189147
0.463911256,0.474081602,0.119016016,0.200082264,0.098472913,0.905452261
0.183637901,0.239754036,0.168594621,0.807483559,0.541632559,0.237411445
0.499218557,0.514334249,0.193667796,0.292538178,0.672943967,0.114134781
0.525789313,0.364936957,0.148712624,0.386986113,0.191713132,0.618092484
0.718933477,0.128191678,0.093654258,0.843227613,0.283772924,0.807579215
0.711133142,0.757775488,0.188773095,0.630252431,0.480699091,0.265992564
0.315163176,0.143959726,0.085633627,0.227366911,0.745787955,0.302411749
0.555802318,0.360918648,0.229168429,0.243377343,0.083804039,0.421320927
0.576904951,0.60928675,0.154670299,0.179695821,0.256288672,0.698551667
0.439829356,0.721124763,0.086911427,0.72664261,0.190299024,0.533135474
0.723319072,0.236444272,0.136982154,0.189334525,0.84270862,0.879290818
0.288542999,0.227111327,0.222113351,0.314767076,0.223677256,0.767697007
0.698048988,0.358760404,0.10624095,0.262401699,0.15693827,0.394024279
0.232875106,0.526993119,0.015057742,0.709787498,0.344124836,0.827940974
0.462340344,0.530515288,0.045653027,0.106082958,0.28630079,0.420120762
0.304565609,0.413827288,0.159662992,0.410311524,0.462829298,0.084891399
0.2141362,0.730135293,0.066519883,0.690470086,0.667240121,0.925085147
0.584962702,0.273822664,0.143558241,0.462859169,0.963910305,0.738287168
0.3967851,0.546345963,0.226553085,0.139866539,0.218989447,0.100089721
0.493011335,0.768795085,0.22685387,0.66183209,0.318594291,0.698506406
0.54077648,0.464924833,0.074278689,0.690133297,0.630257014,0.634111183
0.424766256,0.394865757,0.090584484,0.691473635,0.778526426,0.647510303
0.731657259,0.223958263,0.208514247,0.258396042,0.895228465,0.539391177
0.798574504,0.553859188,0.226764495,0.56441286,0.318895254,0.81573673
0.346899773,0.548880325,0.141985773,0.252062251,0.629691726,0.231826619
0.622968676,0.731869007,0.161216962,0.273848579,0.664217994,0.817793338
0.296635316,0.603247156,0.16694674,0.845365305,0.256295313,0.886218701
0.237343151,0.326285827,0.209548351,0.280902449,0.242580718,0.411355096
0.721365346,0.259364722,0.133280323,0.498998821,0.141937733,0.872736259
0.204837342,0.192339093,0.030352299,0.414011364,0.979638536,0.740924416
0.723048984,0.534704151,0.0538132,0.893420201,0.211108648,0.050775241
0.568515506,0.710202412,0.180680795,0.819547981,0.28277903,0.504701479
0.651579065,0.651219258,0.010593334,0.231172741,0.024328056,0.541281968
0.38661662,0.366469637,0.139175102,0.49306033,0.894650517,0.395301602
0.712289167,0.731949729,0.115231253,0.104428447,0.9578438,0.572935227
0.529228068,0.202609185,0.245880598,0.216056226,0.459537924,0.329924942
0.352331653,0.763352107,0.154296075,0.87075014,0.200984884,0.190301941
0.355738685,0.124109966,0.155714793,0.479307504,0.625862303,0.147290896
0.183486471,0.571052145,0.087483551,0.285501062,0.943804966,0.559890647
0.394555626,0.693751559,0.033142281,0.36376313,0.504792419,0.190492621
0.691090264,0.499004124,0.194018659,0.60712773,0.926306481,0.543984393
0.3134429,0.328776904,0.177620688,0.315844636,0.106104748,0.70473568
0.501186509,0.286536448,0.238334605,0.141325876,0.936536806,0.585608196
0.713851853,0.229577734,0.027874061,0.460672044,0.588109867,0.834723986
0.3688877,0.758068075,0.221670315,0.547115118,0.316676981,0.54904376
0.75202509,0.691979522,0.107398876,0.141982594,0.112648768,0.526972251
0.340982513,0.162962895,0.185227531,0.871859471,0.308036844,0.200985576
0.340309979,0.34388431,0.104329536,0.486154502,0.279716062,0.870763771
0.512023408,0.143708651,0.196323354,0.326033426,0.591130773,0.419349937
0.616012629,0.617392616,0.189193029,0.364337637,0.053619742,0.470857056
0.723241798,0.42882874,0.032838453,0.133478918,0.49812551,0.287039512
0.136796041,0.641423391,0.092448347,0.699927531,0.689354215,0.318318043
0.43192087,0.521837275,0.08335241,0.446392445,0.05084077,0.780575932
0.118662173,0.545515783,0.145745308,0.249231664,0.181046221,0.526684158
0.208716661,0.52798676,0.004214439,0.216990812,0.452737577,0.773139624
0.591618811,0.658924881,0.173882547,0.80334247,0.856834282,0.641542893
0.495302483,0.333360148,0.196366654,0.455995942,0.968255471,0.235317696
0.325802312,0.72568718,0.046873771,0.163934726,0.90237815,0.845318214
0.433702676,0.675785023,0.239027724,0.107206749,0.788517431,0.117037186
0.208221448,0.357189187,0.237570613,0.325050186,0.55258196,0.813987795
0.647400178,0.133743555,0.043276411,0.344386391,0.730080522,0.187053523
0.352171368,0.599400401,0.06991745,0.906881126,0.027043808,0.546139062
0.535035651,0.785415763,0.229214802,0.383424748,0.591015727,0.045464298
0.502577419,0.396790576,0.205458239,0.746610472,0.028340339,0.655580507
0.235566054,0.34595311,0.074539776,0.876295242,0.044752146,0.30697278
0.783784071,0.140674293,0.083156326,0.75310984,0.8099396,0.924135275
0.719643076,0.464580611,0.108874532,0.762852894,0.173712671,0.514874402
0.24952043,0.100513702,0.014103683,0.141984175,0.087256162,0.511483779
0.328491812,0.673489939,0.193298131,0.888906409,0.510025892,0.565504403
0.594824224,0.19059917,0.137147656,0.755235807,0.87857921,0.880461299
0.169261153,0.741249739,0.001653976,0.213536712,0.18985783,0.013644813
0.285373133,0.188905355,0.200610115,0.77436598,0.224857439,0.891981977
0.57596525,0.471528862,0.192079486,0.233367996,0.778479486,0.464870055
0.643088364,0.426309417,0.238922071,0.783414309,0.938620956,0.577147262
0.549861614,0.19299751,0.243471934,0.151748734,0.814151364,0.117457651
0.665908472,0.676450402,0.090654792,0.173838731,0.608891202,0.108401658
0.388049733,0.478326547,0.248969757,0.230326285,0.233995421,0.886081838
0.725838185,0.77522909,0.228918725,0.146776577,0.835998004,0.264124971
0.738607374,0.780422631,0.085649971,0.776362219,0.377736466,0.578663849
0.520945202,0.752972148,0.055911416,0.492914347,0.581180762,0.439765562
0.263190283,0.750199039,0.106524653,0.415760684,0.737641602,0.2496448
0.596051731,0.221641793,0.026295879,0.688216367,0.86790851,0.317597809
0.196798949,0.570145871,0.165023739,0.405438781,0.154601339,0.24645107
0.442497222,0.551244022,0.133638233,0.5215253,0.680583676,0.875703933
0.408078514,0.771603753,0.129593291,0.504724129,0.285514393,0.645929461
0.120810256,0.322946382,0.043694325,0.40611838,0.395324494,0.930887121
0.772788073,0.49194207,0.239163996,0.699500501,0.954428673,0.210977132
0.711943688,0.401103106,0.082133764,0.542309406,0.44070748,0.725630786
0.409800861,0.210283997,0.221972115,0.859769815,0.353582374,0.097990498
0.328832506,0.544075052,0.076319134,0.890241516,0.06493377,0.111845683
0.698400126,0.532019365,0.007444734,0.403847404,0.903187447,0.50075052
0.114129004,0.613150925,0.222630153,0.652418765,0.028481299,0.405240973
0.224872821,0.687744971,0.149520203,0.16357774,0.615765168,0.769650953
0.161926115,0.245633295,0.104866652,0.858296084,0.847967314,0.069906923
0.663513397,0.333690031,0.245733096,0.283842419,0.830960307,0.719441161
0.17849775,0.629696861,0.098128599,0.379548384,0.905194667,0.071011089
0.334627854,0.251460083,0.092415324,0.180915553,0.230935352,0.275996901
0.608438772,0.317931097,0.024194998,0.628182625,0.788267489,0.255176996
0.728869676,0.251858379,0.091858673,0.339940376,0.060671444,0.876656876
0.158990907,0.745383202,0.14255125,0.654132208,0.999678672,0.096202406
0.232199458,0.315797795,0.114249154,0.47330901,0.059703934,0.06420369
0.421779061,0.794441561,0.194189413,0.672995616,0.106067973,0.442478808
0.512126639,0.337539374,0.080828406,0.106489436,0.451067428,0.067928597
0.169117805,0.459457396,0.230393419,0.901978605,0.725653411,0.502343124
0.623406696,0.431020944,0.105637208,0.791652323,0.900453485,0.720845649
0.742363144,0.250924356,0.237827772,0.24004553,0.113521276,0.256306428
0.395448954,0.573050366,0.245678757,0.514109304,0.73472782,0.014921245
0.461648042,0.417439601,0.093240835,0.375882573,0.042619939,0.559196183
0.55263792,0.34414704,0.038700478,0.42866493,0.719374382,0.662604497
0.668755425,0.393597047,0.187693983,0.678657102,0.94109579,0.830202704
0.360446459,0.705880936,0.120942431,0.210319816,0.410097076,0.330368043
0.359059329,0.66101468,0.118101625,0.779404292,0.657506078,0.215028878
0.748034557,0.614739327,0.054271043,0.221681557,0.472734035,0.54680372
0.471993797,0.332785585,0.191871851,0.865316495,0.695357503,0.627236399
0.119144809,0.78852202,0.165085253,0.428186565,0.223768868,-0.002271299
0.104305369,0.307011486,0.007920161,0.403971639,0.636662512,0.023790858
0.516679953,0.732308842,0.044096134,0.884206386,0.775391405,0.863183843
0.74449134,0.30184006,0.111805723,0.251355062,0.732442496,0.294309134
0.151782247,0.390891512,0.096801475,0.13667476,0.190193515,0.894173219
0.710274783,0.293189896,0.096001374,0.302053544,0.672376828,0.518558074
0.147204809,0.376038496,0.188573273,0.157313583,0.626807388,0.683804053
0.406811446,0.222800003,0.211757973,0.345227114,0.132048484,0.48784452
0.430286315,0.665115389,0.166195726,0.853551869,0.795851464,0.811486826
0.726980319,0.443018324,0.032196181,0.496488142,0.446331302,0.102016048
0.595451348,0.274882364,0.238217667,0.353316916,0.335691589,0.054545916
0.334170126,0.485273916,0.055779736,0.51531293,0.805112986,0.438962306
0.797731659,0.318085662,0.014742276,0.118038911,0.951320151,0.265449702
0.169873687,0.225504685,0.216696113,0.396745258,0.719267609,0.367873447
0.34010668,0.242998604,0.230059774,0.42652639,0.061782105,0.346241256
0.268891577,0.216732528,0.106131086,0.09297531,0.205199924,0.700431124
0.215179915,0.63929276,0.093937916,0.908566478,0.666998355,0.477327406
0.312468852,0.323812847,0.177655793,0.819951051,0.224963336,0.467063964
0.109554896,0.442312853,0.21007853,0.285941928,0.522042582,0.28513265
0.755368767,0.597360294,0.027171224,0.867704337,0.810324981,0.759186112
0.455617465,0.286420785,0.210309234,0.496453904,0.664164384,0.072918931
0.480797278,0.609354406,0.236204303,0.881266301,0.571109415,0.897354259
0.139445426,0.201454741,0.185577454,0.660031928,0.250128845,0.272158047
0.751514856,0.563456303,0.116979935,0.642121572,0.808096141,0.414498198
0.177554549,0.711569766,0.15885248,0.587286915,0.881066852,0.379736312
0.582694936,0.41723485,0.09614243,0.660456695,0.109494244,0.099815736
0.423307625,0.782682805,0.201367719,0.126551071,0.354272604,0.389692953
0.607878902,0.205225754,0.227220477,0.638229009,0.951992616,0.678070712
0.576326949,0.716620903,0.241486779,0.331264749,0.823319123,0.247687402
0.698671774,0.512699693,0.073473735,0.583220926,0.654333284,0.559188711
0.597046328,0.430896523,0.084997013,0.761522497,0.876623417,0.124406399
0.302726741,0.440856361,0.122580692,0.775387621,0.800748629,0.627662965
0.285540109,0.671915315,0.045999842,0.16475961,0.657520911,0.065483105
0.75397415,0.420196906,0.047712706,0.338539427,0.694029992,0.505270017
0.712652052,0.662453971,0.056386264,0.681989822,0.647278633,0.161991581
0.377514487,0.442248546,0.170940607,0.673847597,0.303490164,0.922108929
0.426968306,0.405646185,0.184750266,0.666815118,0.934717431,0.13556936
0.136858734,0.737903049,0.246944156,0.111952242,0.683283367,0.437008567
0.308766275,0.158989753,0.016502846,0.64086843,0.330972022,0.640335457
0.497742261,0.570536204,0.09224996,0.66091124,0.03102971,0.811308025
0.786124795,0.635205445,0.132216934,0.581467674,0.831085383,0.564809357
0.306192051,0.201611952,0.100370947,0.691296733,0.851096559,0.185076841
0.114020625,0.663453159,0.163365477,0.522145321,0.56993496,0.078138946
0.641245289,0.131662322,0.094963946,0.515283319,0.116509096,0.492792357
0.431974895,0.289976384,0.008947355,0.280255026,0.503711109,0.63053739
0.210108313,0.318994949,0.163336881,0.90067101,0.819343674,0.850011315
0.129707763,0.700097222,0.049514931,0.101047263,0.69433758,0.923972675
0.386619013,0.232312551,0.170396396,0.645423891,0.19567616,0.868460204
0.384153428,0.16393051,0.166000429,0.297424595,0.612964033,0.142411233
0.375884439,0.617541218,0.152651277,0.37064773,0.299174126,0.024493985
0.460478016,0.504353966,0.080811763,0.835641878,0.767198665,0.789971592
0.519146928,0.188973107,0.05901617,0.181373577,0.394439409,0.278583894
0.218733692,0.183084536,0.005288041,0.241616848,0.258800175,0.202662304
0.716931311,0.222202691,0.050797192,0.693588653,0.325468996,0.086368479
0.251200656,0.790302798,0.158709509,0.528688154,0.428261646,0.265832858
0.369746434,0.600885711,0.059331774,0.502103293,0.864697025,0.426740971
0.388975206,0.32096094,0.127895929,0.15738294,0.062929797,0.570237386
0.6660067,0.275036812,0.144180518,0.895738987,0.096948751,0.734208922
0.431325291,0.791305065,0.09180066,0.266785033,0.787459429,0.697643079
0.351174024,0.56633926,0.080723384,0.306060539,0.028744035,0.285182763
0.254866781,0.614903915,0.14157482,0.847213706,0.296446163,0.315017695
0.317637616,0.522995577,0.125020913,0.751162478,0.921518136,0.004748325
0.410597498,0.25994573,0.148457285,0.322298743,0.054250772,0.330855547
0.563020396,0.567087509,0.162890228,0.298632214,0.177280836,0.079331813
0.707922949,0.387363645,0.129963199,0.326765751,0.990221525,0.646503093
0.685060318,0.146430797,0.230147896,0.695825536,0.815079587,0.080258521
0.537986243,0.230629807,0.041631708,0.322828008,0.25546434,0.251507997
0.128413568,0.572872556,0.12539466,0.733403427,0.831750746,0.110269117
0.771000673,0.457042493,0.016299623,0.785219222,0.858907545,0.855988166
0.445155708,0.124399204,0.225404485,0.880901555,0.651023281,0.205705671
0.55140766,0.341811532,0.230330492,0.307359024,0.024098689,0.051216151
0.71621842,0.291634471,0.114274528,0.126294207,0.417545637,0.800602561
0.596825287,0.654028225,0.15041901,0.106628297,0.268727583,0.794429524
0.489573464,0.617573227,0.09567967,0.355956342,0.913769234,0.044611955
0.743446176,0.530147859,0.108070693,0.508725868,0.21863447,0.709281552
0.776750748,0.160963399,0.095545476,0.500595548,0.320260163,0.464350336
0.220502157,0.685887643,0.091922524,0.396923526,0.442113706,0.262216164
0.39111726,0.109451368,0.231348783,0.335203743,0.599931213,0.880324589
0.532461299,0.589597253,0.025429431,0.570606951,0.832687633,0.54975858
0.287587039,0.55307058,0.140607247,0.782224089,0.679015615,0.870442635
0.533507885,0.722545735,0.180076761,0.349105851,0.511793665,0.762671111
0.285861473,0.108214037,0.227013849,0.232543032,0.179779127,0.727177886
0.221165789,0.721642831,0.124388379,0.695130553,0.039183584,0.450484884
0.611629498,0.382481777,0.059136471,0.878393372,0.862907156,0.658414004
0.389830092,0.51662321,0.110826003,0.301684529,0.637858403,0.095770508
0.149056821,0.510608037,0.104381325,0.839046418,0.556387287,0.293965929
0.483606474,0.320517714,0.070817178,0.330868387,0.454673652,0.371437312
0.799040313,0.505065376,0.234680335,0.531028271,0.792826816,0.896284403
0.627908434,0.207942053,0.225027883,0.560944779,0.435067456,0.621923352
0.692173026,0.490591003,0.249297535,0.629448061,0.928500055,0.653009001
0.130215023,0.527230804,0.043666977,0.175585552,0.236277898,0.834070328
0.236753496,0.132758229,0.092541289,0.522506187,0.32071172,0.336861838
0.584282521,0.444835379,0.144323689,0.743922251,0.693320288,0.710360397
0.150450605,0.639707788,0.019861243,0.09422347,0.575093006,0.236022575
0.479329246,0.510262737,0.247562777,0.139521923,0.757670445,0.771206774
0.559191173,0.489808104,0.008967118,0.863777162,0.786981253,0.275174855
0.406884833,0.314825482,0.118394277,0.717193064,0.372133921,0.78156789
0.272575933,0.453860242,0.020583666,0.161285397,0.57144516,0.770809851
0.380634967,0.677374777,0.145803328,0.346678844,0.444702378,0.694586332
0.248870578,0.251895731,0.004319332,0.633005162,0.253326532,0.628740004
0.323707508,0.527028097,0.098445035,0.364757673,0.627739885,0.552947827
0.231850394,0.67938911,0.02752729,0.780654526,0.348195546,0.397285077
0.335603982,0.64227391,0.239443414,0.756465536,0.539204169,0.538180493
0.21385034,0.271639484,0.025560507,0.854939184,0.333960903,0.623276116
0.150572686,0.733735458,0.212714023,0.213182233,0.304946471,0.187964303
0.778097301,0.749188356,0.028253454,0.178198103,0.493290502,0.006989796
0.510034241,0.217724413,0.148049081,0.815974338,0.524962629,0.862969148
0.62049839,0.20321446,0.109281228,0.633164366,0.175624064,0.634744656
0.632218768,0.612078492,0.167182022,0.510626248,0.255099288,0.330786228
0.593444819,0.730006689,0.030215785,0.168534052,0.366003497,0.29318442
0.302799177,0.765711143,0.095801648,0.458965688,0.193454271,0.299170096
0.38258455,0.668377539,0.060382708,0.676105481,0.514011536,0.24690668
0.645581346,0.307753903,0.011429533,0.47422884,0.84040228,0.637672607
0.548371543,0.716472195,0.125890303,0.359412957,0.698662249,0.406073058
0.166053158,0.144796049,0.11540292,0.624860643,0.763630161,0.549578875
0.617012293,0.327937342,0.021200306,0.870488527,0.969224561,0.837550403
0.442776687,0.401060205,0.027436359,0.160089345,0.339519812,0.62447235
0.56479318,0.385500077,0.11708965,0.891043909,0.115022594,0.498406692
0.537302697,0.293349286,0.105487346,0.377888406,0.125158381,0.792760986
0.505699648,0.229739566,0.175868846,0.365433888,0.082464802,0.064080927
0.546079632,0.613853895,0.077004791,0.56870631,0.788217429,0.119684109
0.486533036,0.454343666,0.135747035,0.230504209,0.569953261,0.783466927
0.591593563,0.432348707,0.04011884,0.757869721,0.88692415,0.57835401
0.62590857,0.218032664,0.169480216,0.868250899,0.691419075,0.160945719
0.573634186,0.47148322,0.189058818,0.39090904,0.481873319,0.620406546
0.427088363,0.308034453,0.25031196,0.44906905,0.839426201,0.333744368
0.144998642,0.250911293,0.214063792,0.411418139,0.850248931,0.294641805
0.113302912,0.79816649,0.106648506,0.678004156,0.634871544,0.60180706
0.604956035,0.738858176,0.189389397,0.738894434,0.122181924,0.232661127
0.658813155,0.747630084,0.058192799,0.250207577,0.278176835,0.171501934
0.583797706,0.222569425,0.188506295,0.776300656,0.557459512,0.497183168
0.485159669,0.333238616,0.099100139,0.474315404,0.846001334,0.486743714
0.529318407,0.511247763,0.04299102,0.615311285,0.555998913,0.189112716
0.537710105,0.451902245,0.111208264,0.86149988,0.082880598,0.140533769
0.127549825,0.687847462,0.108036243,0.322012982,0.101218426,0.123866378
0.283692438,0.496749318,0.025771327,0.123387412,0.942949498,0.716902912
0.151519142,0.715247757,0.128665657,0.803762738,0.179558224,0.297806546
0.785034237,0.537205635,0.067498027,0.891837377,0.732739718,0.148898553
0.229515017,0.340707457,0.042763189,0.489103535,0.091680309,0.741899261
0.224971671,0.632942745,0.125755471,0.138414727,0.020970694,0.216408927
0.140347175,0.630425476,0.089512038,0.433937898,0.812075599,0.266618702
0.328471342,0.668282656,0.033464338,0.767282346,0.531791154,0.519243043
0.455148798,0.695200603,0.086954328,0.834110893,0.489154455,0.476559649
0.214841158,0.414131724,0.142368429,0.750975926,0.756746594,0.6733834
0.587892668,0.182987594,0.153212354,0.350445251,0.431049332,0.582241972
0.62855397,0.217525467,0.090805387,0.894981327,0.615165089,0.080020748
0.322654663,0.236297154,0.249365632,0.681477622,0.837626076,0.861448168
0.700885929,0.298810351,0.063801866,0.515059437,0.793811388,0.105159622
0.689230749,0.640057961,0.00586055,0.772569982,0.840317468,0.452767034
0.599067593,0.127906753,0.145661787,0.446434018,0.174450464,0.813752263
0.199249804,0.734034975,0.199769322,0.866839133,0.695377976,0.228426709
0.491098291,0.507197395,0.168154368,0.526805534,0.316244324,0.927691898
0.628251979,0.526869759,0.028390049,0.10835633,0.804967096,0.113232176
0.782334902,0.131365843,0.053112053,0.788952632,0.066864689,0.668776078
0.106542778,0.350499845,0.191771833,0.145908779,0.135013607,0.799544926
0.677825906,0.574650297,0.18517887,0.488994077,0.831594252,0.229840974
0.619724109,0.24440423,0.029395473,0.836145097,0.730946666,0.642460368
0.676392453,0.261136714,0.163401588,0.614616546,0.477018116,0.744311018
0.613934982,0.213070288,0.171416968,0.888730527,0.475975788,0.512509832
0.318254541,0.213402198,0.125783106,0.372315205,0.793640365,0.371473985
0.759178026,0.32976124,0.043388361,0.651422166,0.291361267,0.165048992
0.232453459,0.39674219,0.06505233,0.368767533,0.320757695,0.544139584
0.110712388,0.137798941,0.170497457,0.838341934,0.41222648,0.524081663
0.122002526,0.77002388,0.036369112,0.569135758,0.303695915,0.535141915
0.516739913,0.498751553,0.170819134,0.545212506,0.584477702,0.252888339
0.269102323,0.131254102,0.195489877,0.782333359,0.180839812,0.498737989
0.51393607,0.641984657,0.176866547,0.733819365,0.72509786,0.636572043
0.712555488,0.602282029,0.158571797,0.842846432,0.621899084,0.28729553
0.227366176,0.187272795,0.016738067,0.535340867,0.91955842,0.541414948
0.384616601,0.722968819,0.038065716,0.841806421,0.960744354,0.731612777
0.640698455,0.177152121,0.105271974,0.44468913,0.422695171,0.260878947
0.106877545,0.365447318,0.20059214,0.525788303,0.312062385,0.083138454
0.106407833,0.308560247,0.208219437,0.142095125,0.273557457,0.685792629
0.625544998,0.543468288,0.048358735,0.207066972,0.719383938,0.649358181
0.566786389,0.597891501,0.12274035,0.479780407,0.912378399,0.891089871
